datetime,Data,Hora,LS,TEMP,UR
10/27/2016 1:00,27/10/2016,1:00,0,20.6,90
10/27/2016 2:00,27/10/2016,2:00,0,20.4,90
10/27/2016 3:00,27/10/2016,3:00,0,20.1,93
10/27/2016 4:00,27/10/2016,4:00,0,21,86
10/27/2016 5:00,27/10/2016,5:00,0,21,83
10/27/2016 6:00,27/10/2016,6:00,0,20.7,85
10/27/2016 7:00,27/10/2016,7:00,0,20.9,83
10/27/2016 8:00,27/10/2016,8:00,0,21,83
10/27/2016 9:00,27/10/2016,9:00,0,21.7,79
10/27/2016 10:00,27/10/2016,10:00,0,23.1,72
10/27/2016 11:00,27/10/2016,11:00,0,24.4,67
10/27/2016 12:00,27/10/2016,12:00,0,25,64
10/27/2016 13:00,27/10/2016,13:00,0,24.5,67
10/27/2016 14:00,27/10/2016,14:00,0,24.6,69
10/27/2016 15:00,27/10/2016,15:00,0,26.1,60
10/27/2016 16:00,27/10/2016,16:00,1,27.2,56
10/27/2016 17:00,27/10/2016,17:00,0,22.8,81
10/27/2016 18:00,27/10/2016,18:00,0,22.4,80
10/27/2016 19:00,27/10/2016,19:00,0,22.3,78
10/27/2016 20:00,27/10/2016,20:00,0,22.3,78
10/27/2016 21:00,27/10/2016,21:00,0,22.1,78
10/27/2016 22:00,27/10/2016,22:00,0,21.6,71
10/27/2016 23:00,27/10/2016,23:00,0,21.1,68
10/28/2016 0:00,27/10/2016,0:00,0,20.5,67
10/28/2016 1:00,28/10/2016,1:00,0,19.9,69
10/28/2016 2:00,28/10/2016,2:00,0,19.2,70
10/28/2016 3:00,28/10/2016,3:00,0,18.5,72
10/28/2016 4:00,28/10/2016,4:00,0,18,72
10/28/2016 5:00,28/10/2016,5:00,0,17.6,70
10/28/2016 6:00,28/10/2016,6:00,0,17.2,73
10/28/2016 7:00,28/10/2016,7:00,0,16.8,73
10/28/2016 8:00,28/10/2016,8:00,0,17.5,68
10/28/2016 9:00,28/10/2016,9:00,0,18.7,65
10/28/2016 10:00,28/10/2016,10:00,0,19.3,66
10/28/2016 11:00,28/10/2016,11:00,0,18.5,72
10/28/2016 12:00,28/10/2016,12:00,0,20.2,63
10/28/2016 13:00,28/10/2016,13:00,0,21.4,58
10/28/2016 14:00,28/10/2016,14:00,0,23.3,50
10/28/2016 15:00,28/10/2016,15:00,0,21.4,57
10/28/2016 16:00,28/10/2016,16:00,0,20.3,56
10/28/2016 17:00,28/10/2016,17:00,0,18.9,60
10/28/2016 18:00,28/10/2016,18:00,0,16.7,66
10/28/2016 19:00,28/10/2016,19:00,0,15.1,71
10/28/2016 20:00,28/10/2016,20:00,0,14.7,71
10/28/2016 21:00,28/10/2016,21:00,0,14.5,71
10/28/2016 22:00,28/10/2016,22:00,0,14.3,72
10/28/2016 23:00,28/10/2016,23:00,0,13.8,74
10/29/2016 0:00,28/10/2016,0:00,0,13.6,75
10/29/2016 1:00,29/10/2016,1:00,0,13.6,74
10/29/2016 2:00,29/10/2016,2:00,0,13.5,75
10/29/2016 3:00,29/10/2016,3:00,0,13.3,77
10/29/2016 4:00,29/10/2016,4:00,0,13.1,79
10/29/2016 5:00,29/10/2016,5:00,0,13.3,79
10/29/2016 6:00,29/10/2016,6:00,0,13.1,80
10/29/2016 7:00,29/10/2016,7:00,0,13.1,82
10/29/2016 8:00,29/10/2016,8:00,0,14.1,78
10/29/2016 9:00,29/10/2016,9:00,1,15.4,71
10/29/2016 10:00,29/10/2016,10:00,0,17.1,63
10/29/2016 11:00,29/10/2016,11:00,0,18.5,53
10/29/2016 12:00,29/10/2016,12:00,0,19.4,51
10/29/2016 13:00,29/10/2016,13:00,0,20.7,49
10/29/2016 14:00,29/10/2016,14:00,0,21.4,49
10/29/2016 15:00,29/10/2016,15:00,0,21.4,52
10/29/2016 16:00,29/10/2016,16:00,0,20.4,58
10/29/2016 17:00,29/10/2016,17:00,0,20,60
10/29/2016 18:00,29/10/2016,18:00,0,18.8,66
10/29/2016 19:00,29/10/2016,19:00,0,17.1,75
10/29/2016 20:00,29/10/2016,20:00,0,16.5,77
10/29/2016 21:00,29/10/2016,21:00,0,16.2,78
10/29/2016 22:00,29/10/2016,22:00,0,15.9,81
10/29/2016 23:00,29/10/2016,23:00,0,15.7,81
10/30/2016 0:00,29/10/2016,0:00,0,15.7,81
10/30/2016 1:00,30/10/2016,1:00,0,15.9,83
10/30/2016 2:00,30/10/2016,2:00,0,16.1,82
10/30/2016 3:00,30/10/2016,3:00,0,15.9,84
10/30/2016 4:00,30/10/2016,4:00,0,15.9,83
10/30/2016 5:00,30/10/2016,5:00,0,15.9,80
10/30/2016 6:00,30/10/2016,6:00,0,15.9,79
10/30/2016 7:00,30/10/2016,7:00,0,16,78
10/30/2016 8:00,30/10/2016,8:00,0,16.3,76
10/30/2016 9:00,30/10/2016,9:00,0,16.7,74
10/30/2016 10:00,30/10/2016,10:00,0,17.8,68
10/30/2016 11:00,30/10/2016,11:00,0,20,61
10/30/2016 12:00,30/10/2016,12:00,0,21.8,56
10/30/2016 13:00,30/10/2016,13:00,0,23,56
10/30/2016 14:00,30/10/2016,14:00,0,23,60
10/30/2016 15:00,30/10/2016,15:00,0,22.4,63
10/30/2016 16:00,30/10/2016,16:00,0,21.8,65
10/30/2016 17:00,30/10/2016,17:00,0,20.2,71
10/30/2016 18:00,30/10/2016,18:00,0,18.6,78
10/30/2016 19:00,30/10/2016,19:00,0,17.6,83
10/30/2016 20:00,30/10/2016,20:00,0,17.4,84
10/30/2016 21:00,30/10/2016,21:00,0,17.6,81
10/30/2016 22:00,30/10/2016,22:00,0,17.7,80
10/30/2016 23:00,30/10/2016,23:00,0,17.6,79
10/31/2016 0:00,30/10/2016,0:00,0,17.5,80
10/31/2016 1:00,31/10/2016,1:00,0,17.4,82
10/31/2016 2:00,31/10/2016,2:00,0,17.6,82
10/31/2016 3:00,31/10/2016,3:00,0,17.9,81
10/31/2016 4:00,31/10/2016,4:00,1,18,79
10/31/2016 5:00,31/10/2016,5:00,0,17.9,80
10/31/2016 6:00,31/10/2016,6:00,0,17.8,80
10/31/2016 7:00,31/10/2016,7:00,0,17.8,80
10/31/2016 8:00,31/10/2016,8:00,0,18,80
10/31/2016 9:00,31/10/2016,9:00,0,18.5,78
10/31/2016 10:00,31/10/2016,10:00,0,19.8,73
10/31/2016 11:00,31/10/2016,11:00,0,21.9,65
10/31/2016 12:00,31/10/2016,12:00,0,24.4,58
10/31/2016 13:00,31/10/2016,13:00,0,26.4,53
10/31/2016 14:00,31/10/2016,14:00,0,27.5,50
10/31/2016 15:00,31/10/2016,15:00,0,29.1,44
10/31/2016 16:00,31/10/2016,16:00,0,28.8,44
10/31/2016 17:00,31/10/2016,17:00,0,25.2,65
10/31/2016 18:00,31/10/2016,18:00,0,23.4,73
10/31/2016 19:00,31/10/2016,19:00,0,22.5,72
10/31/2016 20:00,31/10/2016,20:00,0,21,78
10/31/2016 21:00,31/10/2016,21:00,0,20,83
10/31/2016 22:00,31/10/2016,22:00,0,20,82
10/31/2016 23:00,31/10/2016,23:00,0,19.8,80
11/1/2016 0:00,31/10/2016,0:00,0,20,79
11/1/2016 1:00,1/11/2016,1:00,0,20.1,79
11/1/2016 2:00,1/11/2016,2:00,0,19.5,80
11/1/2016 3:00,1/11/2016,3:00,0,19.1,78
11/1/2016 4:00,1/11/2016,4:00,0,19.2,77
11/1/2016 5:00,1/11/2016,5:00,0,19.2,77
11/1/2016 6:00,1/11/2016,6:00,0,19.2,77
11/1/2016 7:00,1/11/2016,7:00,0,19.4,76
11/1/2016 8:00,1/11/2016,8:00,0,20.2,73
11/1/2016 9:00,1/11/2016,9:00,0,22.2,67
11/1/2016 10:00,1/11/2016,10:00,0,23.8,62
11/1/2016 11:00,1/11/2016,11:00,0,25.4,56
11/1/2016 12:00,1/11/2016,12:00,0,26.8,52
11/1/2016 13:00,1/11/2016,13:00,0,27.1,51
11/1/2016 14:00,1/11/2016,14:00,0,27.5,50
11/1/2016 15:00,1/11/2016,15:00,0,28.7,46
11/1/2016 16:00,1/11/2016,16:00,0,29.3,43
11/1/2016 17:00,1/11/2016,17:00,0,28.8,45
11/1/2016 18:00,1/11/2016,18:00,0,28.7,45
11/1/2016 19:00,1/11/2016,19:00,0,28.1,46
11/1/2016 20:00,1/11/2016,20:00,0,27.4,47
11/1/2016 21:00,1/11/2016,21:00,0,26.5,50
11/1/2016 22:00,1/11/2016,22:00,0,25.6,55
11/1/2016 23:00,1/11/2016,23:00,0,24.3,59
11/2/2016 0:00,1/11/2016,0:00,0,23.8,59
11/2/2016 1:00,2/11/2016,1:00,0,23.1,62
11/2/2016 2:00,2/11/2016,2:00,0,22.8,64
11/2/2016 3:00,2/11/2016,3:00,0,22.4,67
11/2/2016 4:00,2/11/2016,4:00,1,21.7,69
11/2/2016 5:00,2/11/2016,5:00,0,21.2,69
11/2/2016 6:00,2/11/2016,6:00,0,22.2,62
11/2/2016 7:00,2/11/2016,7:00,0,22.2,62
11/2/2016 8:00,2/11/2016,8:00,0,23.3,61
11/2/2016 9:00,2/11/2016,9:00,0,24.1,60
11/2/2016 10:00,2/11/2016,10:00,0,25.6,57
11/2/2016 11:00,2/11/2016,11:00,0,27.3,52
11/2/2016 12:00,2/11/2016,12:00,0,28.7,47
11/2/2016 13:00,2/11/2016,13:00,0,29.9,41
11/2/2016 14:00,2/11/2016,14:00,0,30.2,40
11/2/2016 15:00,2/11/2016,15:00,0,30.1,39
11/2/2016 16:00,2/11/2016,16:00,0,30.8,39
11/2/2016 17:00,2/11/2016,17:00,0,30.4,38
11/2/2016 18:00,2/11/2016,18:00,0,29.6,39
11/2/2016 19:00,2/11/2016,19:00,0,27.1,50
11/2/2016 20:00,2/11/2016,20:00,0,25.3,58
11/2/2016 21:00,2/11/2016,21:00,0,25.1,57
11/2/2016 22:00,2/11/2016,22:00,0,23.5,66
11/2/2016 23:00,2/11/2016,23:00,0,22.8,69
11/3/2016 0:00,2/11/2016,0:00,0,22.7,70
11/3/2016 1:00,3/11/2016,1:00,0,22.2,71
11/3/2016 2:00,3/11/2016,2:00,0,22.3,69
11/3/2016 3:00,3/11/2016,3:00,0,22.1,71
11/3/2016 4:00,3/11/2016,4:00,0,22.4,70
11/3/2016 5:00,3/11/2016,5:00,0,22.4,70
11/3/2016 6:00,3/11/2016,6:00,0,22.3,70
11/3/2016 7:00,3/11/2016,7:00,0,22.2,72
11/3/2016 8:00,3/11/2016,8:00,0,22.2,73
11/3/2016 9:00,3/11/2016,9:00,0,21.8,78
11/3/2016 10:00,3/11/2016,10:00,0,19.8,94
11/3/2016 11:00,3/11/2016,11:00,0,18.8,98
11/3/2016 12:00,3/11/2016,12:00,0,19.3,92
11/3/2016 13:00,3/11/2016,13:00,0,19.5,85
11/3/2016 14:00,3/11/2016,14:00,0,19.2,84
11/3/2016 15:00,3/11/2016,15:00,0,19,83
11/3/2016 16:00,3/11/2016,16:00,0,18.7,83
11/3/2016 17:00,3/11/2016,17:00,0,18.2,86
11/3/2016 18:00,3/11/2016,18:00,0,17.9,86
11/3/2016 19:00,3/11/2016,19:00,0,17.8,86
11/3/2016 20:00,3/11/2016,20:00,0,17.7,86
11/3/2016 21:00,3/11/2016,21:00,0,17,92
11/3/2016 22:00,3/11/2016,22:00,0,17,92
11/3/2016 23:00,3/11/2016,23:00,0,16.9,92
11/4/2016 0:00,3/11/2016,0:00,0,16.9,92
11/4/2016 1:00,4/11/2016,1:00,0,17.1,90
11/4/2016 2:00,4/11/2016,2:00,0,17.1,90
11/4/2016 3:00,4/11/2016,3:00,0,17,91
11/4/2016 4:00,4/11/2016,4:00,0,17.1,90
11/4/2016 5:00,4/11/2016,5:00,0,17.1,90
11/4/2016 6:00,4/11/2016,6:00,0,17.3,89
11/4/2016 7:00,4/11/2016,7:00,0,17.3,90
11/4/2016 8:00,4/11/2016,8:00,0,17.3,90
11/4/2016 9:00,4/11/2016,9:00,0,17.4,92
11/4/2016 10:00,4/11/2016,10:00,0,17.6,91
11/4/2016 11:00,4/11/2016,11:00,0,17.9,92
11/4/2016 12:00,4/11/2016,12:00,0,17.9,94
11/4/2016 13:00,4/11/2016,13:00,0,19.3,86
11/4/2016 14:00,4/11/2016,14:00,1,19.7,80
11/4/2016 15:00,4/11/2016,15:00,0,19.4,80
11/4/2016 16:00,4/11/2016,16:00,0,19.5,79
11/4/2016 17:00,4/11/2016,17:00,0,19.5,79
11/4/2016 18:00,4/11/2016,18:00,0,19.3,80
11/4/2016 19:00,4/11/2016,19:00,0,18.3,86
11/4/2016 20:00,4/11/2016,20:00,0,17.7,87
11/4/2016 21:00,4/11/2016,21:00,0,16.9,85
11/4/2016 22:00,4/11/2016,22:00,0,16.7,81
11/4/2016 23:00,4/11/2016,23:00,0,16.7,79
11/5/2016 0:00,4/11/2016,0:00,0,16.5,80
11/5/2016 1:00,5/11/2016,1:00,0,,
11/5/2016 2:00,5/11/2016,2:00,0,,
11/5/2016 3:00,5/11/2016,3:00,0,,
11/5/2016 4:00,5/11/2016,4:00,0,,
11/5/2016 5:00,5/11/2016,5:00,0,,
11/5/2016 6:00,5/11/2016,6:00,0,,
11/5/2016 7:00,5/11/2016,7:00,0,16.2,80
11/5/2016 8:00,5/11/2016,8:00,0,16.9,79
11/5/2016 9:00,5/11/2016,9:00,0,17.7,75
11/5/2016 10:00,5/11/2016,10:00,0,18.7,73
11/5/2016 11:00,5/11/2016,11:00,0,20.2,69
11/5/2016 12:00,5/11/2016,12:00,0,21.3,66
11/5/2016 13:00,5/11/2016,13:00,0,21.1,70
11/5/2016 14:00,5/11/2016,14:00,0,20.5,74
11/5/2016 15:00,5/11/2016,15:00,0,19.4,79
11/5/2016 16:00,5/11/2016,16:00,0,18.9,81
11/5/2016 17:00,5/11/2016,17:00,0,19,80
11/5/2016 18:00,5/11/2016,18:00,0,18.3,83
11/5/2016 19:00,5/11/2016,19:00,0,17.3,87
11/5/2016 20:00,5/11/2016,20:00,0,17,87
11/5/2016 21:00,5/11/2016,21:00,0,16.9,87
11/5/2016 22:00,5/11/2016,22:00,0,16.9,88
11/5/2016 23:00,5/11/2016,23:00,0,17.3,88
11/6/2016 0:00,5/11/2016,0:00,0,17.6,86
11/6/2016 1:00,6/11/2016,1:00,0,17.8,86
11/6/2016 2:00,6/11/2016,2:00,0,17.8,86
11/6/2016 3:00,6/11/2016,3:00,0,18,86
11/6/2016 4:00,6/11/2016,4:00,0,17.6,88
11/6/2016 5:00,6/11/2016,5:00,0,17.4,90
11/6/2016 6:00,6/11/2016,6:00,0,17.3,90
11/6/2016 7:00,6/11/2016,7:00,0,17.1,91
11/6/2016 8:00,6/11/2016,8:00,0,17.3,90
11/6/2016 9:00,6/11/2016,9:00,1,18.2,87
11/6/2016 10:00,6/11/2016,10:00,0,20,78
11/6/2016 11:00,6/11/2016,11:00,0,20.5,76
11/6/2016 12:00,6/11/2016,12:00,0,22.3,68
11/6/2016 13:00,6/11/2016,13:00,0,24.5,58
11/6/2016 14:00,6/11/2016,14:00,0,25.8,53
11/6/2016 15:00,6/11/2016,15:00,0,26.3,51
11/6/2016 16:00,6/11/2016,16:00,0,25.4,63
11/6/2016 17:00,6/11/2016,17:00,0,22.5,73
11/6/2016 18:00,6/11/2016,18:00,0,18,93
11/6/2016 19:00,6/11/2016,19:00,0,18.4,92
11/6/2016 20:00,6/11/2016,20:00,0,19.5,90
11/6/2016 21:00,6/11/2016,21:00,0,19.3,91
11/6/2016 22:00,6/11/2016,22:00,0,19.5,91
11/6/2016 23:00,6/11/2016,23:00,0,19.5,91
11/7/2016 0:00,6/11/2016,0:00,0,19.2,93
11/7/2016 1:00,7/11/2016,1:00,0,18.9,91
11/7/2016 2:00,7/11/2016,2:00,0,18.3,93
11/7/2016 3:00,7/11/2016,3:00,0,18.1,93
11/7/2016 4:00,7/11/2016,4:00,0,17.7,95
11/7/2016 5:00,7/11/2016,5:00,0,17.4,96
11/7/2016 6:00,7/11/2016,6:00,0,17.6,94
11/7/2016 7:00,7/11/2016,7:00,0,17.7,93
11/7/2016 8:00,7/11/2016,8:00,0,18,88
11/7/2016 9:00,7/11/2016,9:00,0,19.3,81
11/7/2016 10:00,7/11/2016,10:00,0,21.6,72
11/7/2016 11:00,7/11/2016,11:00,0,23.5,63
11/7/2016 12:00,7/11/2016,12:00,0,25.1,56
11/7/2016 13:00,7/11/2016,13:00,0,25.9,54
11/7/2016 14:00,7/11/2016,14:00,0,27.1,48
11/7/2016 15:00,7/11/2016,15:00,0,27.5,52
11/7/2016 16:00,7/11/2016,16:00,0,24.9,65
11/7/2016 17:00,7/11/2016,17:00,0,23.2,69
11/7/2016 18:00,7/11/2016,18:00,0,23.1,68
11/7/2016 19:00,7/11/2016,19:00,1,22.4,70
11/7/2016 20:00,7/11/2016,20:00,0,21.4,73
11/7/2016 21:00,7/11/2016,21:00,0,20.6,76
11/7/2016 22:00,7/11/2016,22:00,1,20.1,78
11/7/2016 23:00,7/11/2016,23:00,0,19.5,82
11/8/2016 0:00,7/11/2016,0:00,0,19.2,83
11/8/2016 1:00,8/11/2016,1:00,0,19.1,85
11/8/2016 2:00,8/11/2016,2:00,0,18.4,89
11/8/2016 3:00,8/11/2016,3:00,0,18.5,88
11/8/2016 4:00,8/11/2016,4:00,0,17.8,88
11/8/2016 5:00,8/11/2016,5:00,0,17.5,90
11/8/2016 6:00,8/11/2016,6:00,0,17.5,92
11/8/2016 7:00,8/11/2016,7:00,0,18.2,86
11/8/2016 8:00,8/11/2016,8:00,0,18.7,83
11/8/2016 9:00,8/11/2016,9:00,0,19.9,77
11/8/2016 10:00,8/11/2016,10:00,0,21.4,71
11/8/2016 11:00,8/11/2016,11:00,0,23.2,60
11/8/2016 12:00,8/11/2016,12:00,0,25.4,53
11/8/2016 13:00,8/11/2016,13:00,0,26.8,48
11/8/2016 14:00,8/11/2016,14:00,0,28.4,42
11/8/2016 15:00,8/11/2016,15:00,0,29,41
11/8/2016 16:00,8/11/2016,16:00,0,27.2,54
11/8/2016 17:00,8/11/2016,17:00,0,26.3,60
11/8/2016 18:00,8/11/2016,18:00,0,25.4,63
11/8/2016 19:00,8/11/2016,19:00,0,23.5,70
11/8/2016 20:00,8/11/2016,20:00,0,21.9,76
11/8/2016 21:00,8/11/2016,21:00,0,21.4,78
11/8/2016 22:00,8/11/2016,22:00,0,21.3,77
11/8/2016 23:00,8/11/2016,23:00,1,21.1,77
11/9/2016 0:00,8/11/2016,0:00,0,21.2,77
11/9/2016 1:00,9/11/2016,1:00,0,20.9,77
11/9/2016 2:00,9/11/2016,2:00,0,20.5,78
11/9/2016 3:00,9/11/2016,3:00,0,20,80
11/9/2016 4:00,9/11/2016,4:00,0,19.5,82
11/9/2016 5:00,9/11/2016,5:00,0,19.2,85
11/9/2016 6:00,9/11/2016,6:00,0,19,86
11/9/2016 7:00,9/11/2016,7:00,0,18.9,87
11/9/2016 8:00,9/11/2016,8:00,0,19.7,84
11/9/2016 9:00,9/11/2016,9:00,0,21.3,77
11/9/2016 10:00,9/11/2016,10:00,0,23.7,66
11/9/2016 11:00,9/11/2016,11:00,0,26,56
11/9/2016 12:00,9/11/2016,12:00,0,28.5,47
11/9/2016 13:00,9/11/2016,13:00,0,29.7,43
11/9/2016 14:00,9/11/2016,14:00,0,30.8,37
11/9/2016 15:00,9/11/2016,15:00,0,30.9,35
11/9/2016 16:00,9/11/2016,16:00,0,30.6,34
11/9/2016 17:00,9/11/2016,17:00,0,30.1,37
11/9/2016 18:00,9/11/2016,18:00,0,28.3,48
11/9/2016 19:00,9/11/2016,19:00,0,19.6,90
11/9/2016 20:00,9/11/2016,20:00,0,18.7,94
11/9/2016 21:00,9/11/2016,21:00,0,18.5,94
11/9/2016 22:00,9/11/2016,22:00,0,19.2,90
11/9/2016 23:00,9/11/2016,23:00,0,19.4,89
11/10/2016 0:00,9/11/2016,0:00,0,19.1,87
11/10/2016 1:00,10/11/2016,1:00,0,18.2,94
11/10/2016 2:00,10/11/2016,2:00,0,18.4,90
11/10/2016 3:00,10/11/2016,3:00,0,18.1,90
11/10/2016 4:00,10/11/2016,4:00,0,18,90
11/10/2016 5:00,10/11/2016,5:00,0,17.6,92
11/10/2016 6:00,10/11/2016,6:00,0,18.1,88
11/10/2016 7:00,10/11/2016,7:00,0,17.7,91
11/10/2016 8:00,10/11/2016,8:00,0,20,78
11/10/2016 9:00,10/11/2016,9:00,0,22.6,67
11/10/2016 10:00,10/11/2016,10:00,1,24.5,61
11/10/2016 11:00,10/11/2016,11:00,0,25.6,58
11/10/2016 12:00,10/11/2016,12:00,0,27,55
11/10/2016 13:00,10/11/2016,13:00,0,27.5,56
11/10/2016 14:00,10/11/2016,14:00,0,27.8,56
11/10/2016 15:00,10/11/2016,15:00,0,28.8,52
11/10/2016 16:00,10/11/2016,16:00,0,29.4,49
11/10/2016 17:00,10/11/2016,17:00,0,29.5,48
11/10/2016 18:00,10/11/2016,18:00,0,28.8,50
11/10/2016 19:00,10/11/2016,19:00,0,25.3,73
11/10/2016 20:00,10/11/2016,20:00,0,23,82
11/10/2016 21:00,10/11/2016,21:00,0,22.2,84
11/10/2016 22:00,10/11/2016,22:00,0,21.7,84
11/10/2016 23:00,10/11/2016,23:00,0,21,79
11/11/2016 0:00,10/11/2016,0:00,0,20.7,83
11/11/2016 1:00,11/11/2016,1:00,0,20.4,82
11/11/2016 2:00,11/11/2016,2:00,0,20.4,82
11/11/2016 3:00,11/11/2016,3:00,0,20.1,82
11/11/2016 4:00,11/11/2016,4:00,0,20,85
11/11/2016 5:00,11/11/2016,5:00,0,19.9,85
11/11/2016 6:00,11/11/2016,6:00,0,19.7,89
11/11/2016 7:00,11/11/2016,7:00,0,19.6,91
11/11/2016 8:00,11/11/2016,8:00,0,20.8,85
11/11/2016 9:00,11/11/2016,9:00,0,22.5,78
11/11/2016 10:00,11/11/2016,10:00,0,24.9,69
11/11/2016 11:00,11/11/2016,11:00,0,27.3,60
11/11/2016 12:00,11/11/2016,12:00,0,28.6,55
11/11/2016 13:00,11/11/2016,13:00,0,29.6,50
11/11/2016 14:00,11/11/2016,14:00,0,30.8,45
11/11/2016 15:00,11/11/2016,15:00,0,31.1,43
11/11/2016 16:00,11/11/2016,16:00,0,32,38
11/11/2016 17:00,11/11/2016,17:00,0,31,40
11/11/2016 18:00,11/11/2016,18:00,0,28.4,58
11/11/2016 19:00,11/11/2016,19:00,0,24.5,82
11/11/2016 20:00,11/11/2016,20:00,1,24.5,80
11/11/2016 21:00,11/11/2016,21:00,0,24.7,79
11/11/2016 22:00,11/11/2016,22:00,0,24.6,75
11/11/2016 23:00,11/11/2016,23:00,0,21.5,75
11/12/2016 0:00,11/11/2016,0:00,0,19.9,86
11/12/2016 1:00,12/11/2016,1:00,0,20.1,85
11/12/2016 2:00,12/11/2016,2:00,0,20.3,82
11/12/2016 3:00,12/11/2016,3:00,0,20,84
11/12/2016 4:00,12/11/2016,4:00,0,20.1,84
11/12/2016 5:00,12/11/2016,5:00,0,19.9,86
11/12/2016 6:00,12/11/2016,6:00,0,19.7,87
11/12/2016 7:00,12/11/2016,7:00,0,19.8,86
11/12/2016 8:00,12/11/2016,8:00,0,19.4,88
11/12/2016 9:00,12/11/2016,9:00,0,19.4,85
11/12/2016 10:00,12/11/2016,10:00,0,20.6,81
11/12/2016 11:00,12/11/2016,11:00,0,20.4,80
11/12/2016 12:00,12/11/2016,12:00,0,20.5,79
11/12/2016 13:00,12/11/2016,13:00,0,20.9,75
11/12/2016 14:00,12/11/2016,14:00,0,21.1,73
11/12/2016 15:00,12/11/2016,15:00,0,20.3,76
11/12/2016 16:00,12/11/2016,16:00,0,19.9,77
11/12/2016 17:00,12/11/2016,17:00,0,19.4,79
11/12/2016 18:00,12/11/2016,18:00,0,18.8,82
11/12/2016 19:00,12/11/2016,19:00,1,18.4,85
11/12/2016 20:00,12/11/2016,20:00,1,17.9,87
11/12/2016 21:00,12/11/2016,21:00,0,17.7,89
11/12/2016 22:00,12/11/2016,22:00,0,17.9,87
11/12/2016 23:00,12/11/2016,23:00,0,18.1,87
11/13/2016 0:00,12/11/2016,0:00,0,17.7,92
11/13/2016 1:00,13/11/2016,1:00,0,17.5,95
11/13/2016 2:00,13/11/2016,2:00,0,17.4,95
11/13/2016 3:00,13/11/2016,3:00,0,17.3,95
11/13/2016 4:00,13/11/2016,4:00,0,17.2,96
11/13/2016 5:00,13/11/2016,5:00,0,17.1,96
11/13/2016 6:00,13/11/2016,6:00,0,17.2,96
11/13/2016 7:00,13/11/2016,7:00,0,17.3,96
11/13/2016 8:00,13/11/2016,8:00,0,17.3,96
11/13/2016 9:00,13/11/2016,9:00,0,17.5,96
11/13/2016 10:00,13/11/2016,10:00,0,18,95
11/13/2016 11:00,13/11/2016,11:00,0,18.4,93
11/13/2016 12:00,13/11/2016,12:00,0,18.8,93
11/13/2016 13:00,13/11/2016,13:00,0,18.8,92
11/13/2016 14:00,13/11/2016,14:00,0,18.5,94
11/13/2016 15:00,13/11/2016,15:00,0,18.5,96
11/13/2016 16:00,13/11/2016,16:00,0,18.6,95
11/13/2016 17:00,13/11/2016,17:00,0,18.7,95
11/13/2016 18:00,13/11/2016,18:00,0,18.9,92
11/13/2016 19:00,13/11/2016,19:00,0,18.6,94
11/13/2016 20:00,13/11/2016,20:00,0,18.4,94
11/13/2016 21:00,13/11/2016,21:00,0,18.2,95
11/13/2016 22:00,13/11/2016,22:00,0,17.9,96
11/13/2016 23:00,13/11/2016,23:00,0,17.9,96
11/14/2016 0:00,13/11/2016,0:00,0,17.9,96
11/14/2016 1:00,14/11/2016,1:00,0,17.8,97
11/14/2016 2:00,14/11/2016,2:00,0,17.8,97
11/14/2016 3:00,14/11/2016,3:00,0,17.8,96
11/14/2016 4:00,14/11/2016,4:00,0,17.8,96
11/14/2016 5:00,14/11/2016,5:00,0,17.7,97
11/14/2016 6:00,14/11/2016,6:00,0,17.8,96
11/14/2016 7:00,14/11/2016,7:00,0,17.7,96
11/14/2016 8:00,14/11/2016,8:00,0,17.4,96
11/14/2016 9:00,14/11/2016,9:00,0,17.8,91
11/14/2016 10:00,14/11/2016,10:00,0,18.5,87
11/14/2016 11:00,14/11/2016,11:00,0,19.1,83
11/14/2016 12:00,14/11/2016,12:00,0,20.1,80
11/14/2016 13:00,14/11/2016,13:00,0,20.9,79
11/14/2016 14:00,14/11/2016,14:00,0,21.7,74
11/14/2016 15:00,14/11/2016,15:00,0,21.4,79
11/14/2016 16:00,14/11/2016,16:00,1,20.1,90
11/14/2016 17:00,14/11/2016,17:00,0,19.9,88
11/14/2016 18:00,14/11/2016,18:00,0,20,84
11/14/2016 19:00,14/11/2016,19:00,0,19.7,85
11/14/2016 20:00,14/11/2016,20:00,0,19.2,87
11/14/2016 21:00,14/11/2016,21:00,0,19,88
11/14/2016 22:00,14/11/2016,22:00,0,18.9,90
11/14/2016 23:00,14/11/2016,23:00,0,18.8,91
11/15/2016 0:00,14/11/2016,0:00,0,18.9,89
11/15/2016 1:00,15/11/2016,1:00,0,18.9,89
11/15/2016 2:00,15/11/2016,2:00,0,18.5,93
11/15/2016 3:00,15/11/2016,3:00,0,18.3,95
11/15/2016 4:00,15/11/2016,4:00,0,18.6,92
11/15/2016 5:00,15/11/2016,5:00,0,18.2,95
11/15/2016 6:00,15/11/2016,6:00,0,18,93
11/15/2016 7:00,15/11/2016,7:00,0,18.1,92
11/15/2016 8:00,15/11/2016,8:00,0,18.5,93
11/15/2016 9:00,15/11/2016,9:00,0,19.6,89
11/15/2016 10:00,15/11/2016,10:00,0,20.3,88
11/15/2016 11:00,15/11/2016,11:00,0,20.9,83
11/15/2016 12:00,15/11/2016,12:00,0,21.8,77
11/15/2016 13:00,15/11/2016,13:00,0,22.5,75
11/15/2016 14:00,15/11/2016,14:00,0,22.8,75
11/15/2016 15:00,15/11/2016,15:00,0,22.2,80
11/15/2016 16:00,15/11/2016,16:00,0,23.3,71
11/15/2016 17:00,15/11/2016,17:00,0,22.2,76
11/15/2016 18:00,15/11/2016,18:00,0,21,85
11/15/2016 19:00,15/11/2016,19:00,0,21,81
11/15/2016 20:00,15/11/2016,20:00,0,20.3,82
11/15/2016 21:00,15/11/2016,21:00,0,19.5,82
11/15/2016 22:00,15/11/2016,22:00,0,19.1,84
11/15/2016 23:00,15/11/2016,23:00,0,18.7,86
11/16/2016 0:00,15/11/2016,0:00,1,18.5,88
11/16/2016 1:00,16/11/2016,1:00,0,18.6,88
11/16/2016 2:00,16/11/2016,2:00,0,18.6,88
11/16/2016 3:00,16/11/2016,3:00,0,18.6,88
11/16/2016 4:00,16/11/2016,4:00,0,18.5,88
11/16/2016 5:00,16/11/2016,5:00,0,18.1,89
11/16/2016 6:00,16/11/2016,6:00,0,18,89
11/16/2016 7:00,16/11/2016,7:00,0,18,89
11/16/2016 8:00,16/11/2016,8:00,0,18.6,86
11/16/2016 9:00,16/11/2016,9:00,0,20.3,79
11/16/2016 10:00,16/11/2016,10:00,0,22.8,70
11/16/2016 11:00,16/11/2016,11:00,0,24.6,64
11/16/2016 12:00,16/11/2016,12:00,0,26.8,58
11/16/2016 13:00,16/11/2016,13:00,0,27,57
11/16/2016 14:00,16/11/2016,14:00,0,27.5,53
11/16/2016 15:00,16/11/2016,15:00,0,28.5,48
11/16/2016 16:00,16/11/2016,16:00,0,28.7,46
11/16/2016 17:00,16/11/2016,17:00,0,28.9,45
11/16/2016 18:00,16/11/2016,18:00,0,27.8,47
11/16/2016 19:00,16/11/2016,19:00,0,22.4,81
11/16/2016 20:00,16/11/2016,20:00,0,20,84
11/16/2016 21:00,16/11/2016,21:00,0,18.7,95
11/16/2016 22:00,16/11/2016,22:00,0,18.8,95
11/16/2016 23:00,16/11/2016,23:00,0,19.4,90
11/17/2016 0:00,16/11/2016,0:00,0,19.7,89
11/17/2016 1:00,17/11/2016,1:00,0,19.5,92
11/17/2016 2:00,17/11/2016,2:00,0,19.1,94
11/17/2016 3:00,17/11/2016,3:00,0,19.1,94
11/17/2016 4:00,17/11/2016,4:00,0,18.9,95
11/17/2016 5:00,17/11/2016,5:00,0,18.9,96
11/17/2016 6:00,17/11/2016,6:00,0,19.2,93
11/17/2016 7:00,17/11/2016,7:00,0,19.4,92
11/17/2016 8:00,17/11/2016,8:00,0,20,90
11/17/2016 9:00,17/11/2016,9:00,0,20.6,86
11/17/2016 10:00,17/11/2016,10:00,0,22,79
11/17/2016 11:00,17/11/2016,11:00,0,24.4,69
11/17/2016 12:00,17/11/2016,12:00,0,26.6,61
11/17/2016 13:00,17/11/2016,13:00,0,28.2,55
11/17/2016 14:00,17/11/2016,14:00,0,29,50
11/17/2016 15:00,17/11/2016,15:00,0,30,42
11/17/2016 16:00,17/11/2016,16:00,0,30.3,36
11/17/2016 17:00,17/11/2016,17:00,0,27.2,61
11/17/2016 18:00,17/11/2016,18:00,0,22.4,82
11/17/2016 19:00,17/11/2016,19:00,0,21.6,84
11/17/2016 20:00,17/11/2016,20:00,0,21.4,83
11/17/2016 21:00,17/11/2016,21:00,0,21.2,84
11/17/2016 22:00,17/11/2016,22:00,0,21.1,84
11/17/2016 23:00,17/11/2016,23:00,0,21.2,83
11/18/2016 0:00,17/11/2016,0:00,0,21.3,82
11/18/2016 1:00,18/11/2016,1:00,0,21.3,82
11/18/2016 2:00,18/11/2016,2:00,0,21,84
11/18/2016 3:00,18/11/2016,3:00,0,20.9,84
11/18/2016 4:00,18/11/2016,4:00,0,20.9,84
11/18/2016 5:00,18/11/2016,5:00,0,20.6,86
11/18/2016 6:00,18/11/2016,6:00,0,18,86
11/18/2016 7:00,18/11/2016,7:00,0,17.3,85
11/18/2016 8:00,18/11/2016,8:00,0,17.2,83
11/18/2016 9:00,18/11/2016,9:00,0,17.2,81
11/18/2016 10:00,18/11/2016,10:00,0,17.1,79
11/18/2016 11:00,18/11/2016,11:00,0,17.8,75
11/18/2016 12:00,18/11/2016,12:00,0,18.5,70
11/18/2016 13:00,18/11/2016,13:00,0,18.3,74
11/18/2016 14:00,18/11/2016,14:00,0,18.7,72
11/18/2016 15:00,18/11/2016,15:00,0,18.5,73
11/18/2016 16:00,18/11/2016,16:00,0,17.9,75
11/18/2016 17:00,18/11/2016,17:00,0,16.7,82
11/18/2016 18:00,18/11/2016,18:00,0,15.8,86
11/18/2016 19:00,18/11/2016,19:00,0,15.3,83
11/18/2016 20:00,18/11/2016,20:00,0,15,83
11/18/2016 21:00,18/11/2016,21:00,0,14.9,82
11/18/2016 22:00,18/11/2016,22:00,0,14.5,79
11/18/2016 23:00,18/11/2016,23:00,0,14.3,78
11/19/2016 0:00,18/11/2016,0:00,0,14.2,77
11/19/2016 1:00,19/11/2016,1:00,0,14.1,79
11/19/2016 2:00,19/11/2016,2:00,0,13.8,81
11/19/2016 3:00,19/11/2016,3:00,1,13.6,85
11/19/2016 4:00,19/11/2016,4:00,0,13.7,88
11/19/2016 5:00,19/11/2016,5:00,0,13.9,83
11/19/2016 6:00,19/11/2016,6:00,0,13.7,83
11/19/2016 7:00,19/11/2016,7:00,0,13.6,84
11/19/2016 8:00,19/11/2016,8:00,0,14,83
11/19/2016 9:00,19/11/2016,9:00,0,15.1,77
11/19/2016 10:00,19/11/2016,10:00,0,15.5,77
11/19/2016 11:00,19/11/2016,11:00,0,16.3,69
11/19/2016 12:00,19/11/2016,12:00,0,17.3,59
11/19/2016 13:00,19/11/2016,13:00,0,17.5,56
11/19/2016 14:00,19/11/2016,14:00,0,18,54
11/19/2016 15:00,19/11/2016,15:00,0,18.2,55
11/19/2016 16:00,19/11/2016,16:00,0,18.6,52
11/19/2016 17:00,19/11/2016,17:00,0,18.8,48
11/19/2016 18:00,19/11/2016,18:00,0,17.7,51
11/19/2016 19:00,19/11/2016,19:00,0,16.7,56
11/19/2016 20:00,19/11/2016,20:00,0,15.9,61
11/19/2016 21:00,19/11/2016,21:00,0,15,66
11/19/2016 22:00,19/11/2016,22:00,0,14.5,71
11/19/2016 23:00,19/11/2016,23:00,0,14.2,73
11/20/2016 0:00,19/11/2016,0:00,0,14,78
11/20/2016 1:00,20/11/2016,1:00,0,13.6,83
11/20/2016 2:00,20/11/2016,2:00,1,13.8,82
11/20/2016 3:00,20/11/2016,3:00,0,13.5,83
11/20/2016 4:00,20/11/2016,4:00,1,13.3,85
11/20/2016 5:00,20/11/2016,5:00,0,13,86
11/20/2016 6:00,20/11/2016,6:00,0,12.6,86
11/20/2016 7:00,20/11/2016,7:00,0,12.5,88
11/20/2016 8:00,20/11/2016,8:00,0,13.6,82
11/20/2016 9:00,20/11/2016,9:00,0,15.3,73
11/20/2016 10:00,20/11/2016,10:00,0,16.9,65
11/20/2016 11:00,20/11/2016,11:00,0,18.6,59
11/20/2016 12:00,20/11/2016,12:00,0,20.2,55
11/20/2016 13:00,20/11/2016,13:00,0,22,51
11/20/2016 14:00,20/11/2016,14:00,0,23.6,45
11/20/2016 15:00,20/11/2016,15:00,0,24.9,40
11/20/2016 16:00,20/11/2016,16:00,0,24.6,47
11/20/2016 17:00,20/11/2016,17:00,0,22.9,53
11/20/2016 18:00,20/11/2016,18:00,0,21,61
11/20/2016 19:00,20/11/2016,19:00,0,19.1,69
11/20/2016 20:00,20/11/2016,20:00,0,17.3,75
11/20/2016 21:00,20/11/2016,21:00,0,16.5,78
11/20/2016 22:00,20/11/2016,22:00,0,16.2,81
11/20/2016 23:00,20/11/2016,23:00,0,16.3,81
11/21/2016 0:00,20/11/2016,0:00,0,16.2,81
11/21/2016 1:00,21/11/2016,1:00,0,16,79
11/21/2016 2:00,21/11/2016,2:00,0,15.6,79
11/21/2016 3:00,21/11/2016,3:00,0,15.1,82
11/21/2016 4:00,21/11/2016,4:00,0,15.2,83
11/21/2016 5:00,21/11/2016,5:00,0,15.1,84
11/21/2016 6:00,21/11/2016,6:00,0,14.8,87
11/21/2016 7:00,21/11/2016,7:00,0,14.6,87
11/21/2016 8:00,21/11/2016,8:00,0,15.4,84
11/21/2016 9:00,21/11/2016,9:00,0,17.5,75
11/21/2016 10:00,21/11/2016,10:00,0,20.2,64
11/21/2016 11:00,21/11/2016,11:00,0,22.7,55
11/21/2016 12:00,21/11/2016,12:00,0,25.4,45
11/21/2016 13:00,21/11/2016,13:00,0,27.3,39
11/21/2016 14:00,21/11/2016,14:00,0,28.6,34
11/21/2016 15:00,21/11/2016,15:00,0,29,31
11/21/2016 16:00,21/11/2016,16:00,0,28.8,33
11/21/2016 17:00,21/11/2016,17:00,0,26.8,39
11/21/2016 18:00,21/11/2016,18:00,0,26.1,37
11/21/2016 19:00,21/11/2016,19:00,0,25.3,37
11/21/2016 20:00,21/11/2016,20:00,0,24.1,35
11/21/2016 21:00,21/11/2016,21:00,0,23.1,32
11/21/2016 22:00,21/11/2016,22:00,0,22.3,35
11/21/2016 23:00,21/11/2016,23:00,0,22,36
11/22/2016 0:00,21/11/2016,0:00,0,21.5,37
11/22/2016 1:00,22/11/2016,1:00,0,21.4,39
11/22/2016 2:00,22/11/2016,2:00,0,21.6,39
11/22/2016 3:00,22/11/2016,3:00,0,21.1,41
11/22/2016 4:00,22/11/2016,4:00,0,20.9,41
11/22/2016 5:00,22/11/2016,5:00,0,20.7,42
11/22/2016 6:00,22/11/2016,6:00,0,20.6,44
11/22/2016 7:00,22/11/2016,7:00,1,20.2,45
11/22/2016 8:00,22/11/2016,8:00,0,19.7,57
11/22/2016 9:00,22/11/2016,9:00,0,19.7,71
11/22/2016 10:00,22/11/2016,10:00,0,21.2,67
11/22/2016 11:00,22/11/2016,11:00,0,23.4,58
11/22/2016 12:00,22/11/2016,12:00,0,24.5,55
11/22/2016 13:00,22/11/2016,13:00,0,25.9,51
11/22/2016 14:00,22/11/2016,14:00,0,26.2,53
11/22/2016 15:00,22/11/2016,15:00,0,24.4,62
11/22/2016 16:00,22/11/2016,16:00,0,22.7,68
11/22/2016 17:00,22/11/2016,17:00,0,20.7,75
11/22/2016 18:00,22/11/2016,18:00,0,19.3,80
11/22/2016 19:00,22/11/2016,19:00,0,19.1,82
11/22/2016 20:00,22/11/2016,20:00,0,18.6,85
11/22/2016 21:00,22/11/2016,21:00,0,18.2,88
11/22/2016 22:00,22/11/2016,22:00,0,18.4,87
11/22/2016 23:00,22/11/2016,23:00,0,18.2,88
11/23/2016 0:00,22/11/2016,0:00,0,18.6,86
11/23/2016 1:00,23/11/2016,1:00,0,18.9,84
11/23/2016 2:00,23/11/2016,2:00,0,19,83
11/23/2016 3:00,23/11/2016,3:00,0,18.8,84
11/23/2016 4:00,23/11/2016,4:00,0,18.8,84
11/23/2016 5:00,23/11/2016,5:00,0,18.8,84
11/23/2016 6:00,23/11/2016,6:00,0,18.7,86
11/23/2016 7:00,23/11/2016,7:00,0,18.8,86
11/23/2016 8:00,23/11/2016,8:00,0,19.1,85
11/23/2016 9:00,23/11/2016,9:00,0,19,89
11/23/2016 10:00,23/11/2016,10:00,0,18.7,93
11/23/2016 11:00,23/11/2016,11:00,0,19.3,92
11/23/2016 12:00,23/11/2016,12:00,0,21.1,84
11/23/2016 13:00,23/11/2016,13:00,0,24.2,68
11/23/2016 14:00,23/11/2016,14:00,0,25.7,63
11/23/2016 15:00,23/11/2016,15:00,0,26.2,64
11/23/2016 16:00,23/11/2016,16:00,0,26.7,61
11/23/2016 17:00,23/11/2016,17:00,0,26.2,62
11/23/2016 18:00,23/11/2016,18:00,0,22.4,79
11/23/2016 19:00,23/11/2016,19:00,0,21.3,83
11/23/2016 20:00,23/11/2016,20:00,0,20.4,88
11/23/2016 21:00,23/11/2016,21:00,0,20.1,87
11/23/2016 22:00,23/11/2016,22:00,0,19.7,88
11/23/2016 23:00,23/11/2016,23:00,0,19.6,89
11/24/2016 0:00,23/11/2016,0:00,0,19.4,90
11/24/2016 1:00,24/11/2016,1:00,0,19.9,87
11/24/2016 2:00,24/11/2016,2:00,0,20,86
11/24/2016 3:00,24/11/2016,3:00,0,19.5,88
11/24/2016 4:00,24/11/2016,4:00,0,19.3,89
11/24/2016 5:00,24/11/2016,5:00,0,18.8,90
11/24/2016 6:00,24/11/2016,6:00,0,18.8,89
11/24/2016 7:00,24/11/2016,7:00,0,18.8,89
11/24/2016 8:00,24/11/2016,8:00,0,19.6,84
11/24/2016 9:00,24/11/2016,9:00,0,21.3,75
11/24/2016 10:00,24/11/2016,10:00,0,23.6,64
11/24/2016 11:00,24/11/2016,11:00,0,25.1,57
11/24/2016 12:00,24/11/2016,12:00,0,25.8,58
11/24/2016 13:00,24/11/2016,13:00,0,26.5,57
11/24/2016 14:00,24/11/2016,14:00,0,27.2,55
11/24/2016 15:00,24/11/2016,15:00,0,26.1,61
11/24/2016 16:00,24/11/2016,16:00,0,26.1,61
11/24/2016 17:00,24/11/2016,17:00,0,25.3,63
11/24/2016 18:00,24/11/2016,18:00,0,23.6,69
11/24/2016 19:00,24/11/2016,19:00,0,21.5,77
11/24/2016 20:00,24/11/2016,20:00,0,20.8,80
11/24/2016 21:00,24/11/2016,21:00,0,20.6,78
11/24/2016 22:00,24/11/2016,22:00,0,20.4,78
11/24/2016 23:00,24/11/2016,23:00,0,20.5,78
11/25/2016 0:00,24/11/2016,0:00,0,20.3,79
11/25/2016 1:00,25/11/2016,1:00,0,20.1,81
11/25/2016 2:00,25/11/2016,2:00,0,20.1,79
11/25/2016 3:00,25/11/2016,3:00,0,20.2,78
11/25/2016 4:00,25/11/2016,4:00,0,20.3,77
11/25/2016 5:00,25/11/2016,5:00,0,20,80
11/25/2016 6:00,25/11/2016,6:00,0,19.8,81
11/25/2016 7:00,25/11/2016,7:00,0,19.8,82
11/25/2016 8:00,25/11/2016,8:00,0,20.2,80
11/25/2016 9:00,25/11/2016,9:00,0,20.8,77
11/25/2016 10:00,25/11/2016,10:00,0,21.5,74
11/25/2016 11:00,25/11/2016,11:00,0,23.6,65
11/25/2016 12:00,25/11/2016,12:00,0,25.5,59
11/25/2016 13:00,25/11/2016,13:00,0,27.1,54
11/25/2016 14:00,25/11/2016,14:00,0,28.2,50
11/25/2016 15:00,25/11/2016,15:00,0,29.2,46
11/25/2016 16:00,25/11/2016,16:00,0,27.5,60
11/25/2016 17:00,25/11/2016,17:00,0,25.5,67
11/25/2016 18:00,25/11/2016,18:00,0,22.7,77
11/25/2016 19:00,25/11/2016,19:00,0,22.1,79
11/25/2016 20:00,25/11/2016,20:00,0,21.3,82
11/25/2016 21:00,25/11/2016,21:00,0,20.7,85
11/25/2016 22:00,25/11/2016,22:00,0,20.6,84
11/25/2016 23:00,25/11/2016,23:00,0,20.8,81
11/26/2016 0:00,25/11/2016,0:00,0,21,79
11/26/2016 1:00,26/11/2016,1:00,0,20.8,78
11/26/2016 2:00,26/11/2016,2:00,0,20.5,80
11/26/2016 3:00,26/11/2016,3:00,0,20,82
11/26/2016 4:00,26/11/2016,4:00,0,19.5,84
11/26/2016 5:00,26/11/2016,5:00,0,19.3,86
11/26/2016 6:00,26/11/2016,6:00,0,19.1,89
11/26/2016 7:00,26/11/2016,7:00,0,19.4,87
11/26/2016 8:00,26/11/2016,8:00,0,19.9,85
11/26/2016 9:00,26/11/2016,9:00,0,21.2,79
11/26/2016 10:00,26/11/2016,10:00,0,23,71
11/26/2016 11:00,26/11/2016,11:00,0,24.4,66
11/26/2016 12:00,26/11/2016,12:00,0,26.5,58
11/26/2016 13:00,26/11/2016,13:00,0,28.9,51
11/26/2016 14:00,26/11/2016,14:00,0,30.4,45
11/26/2016 15:00,26/11/2016,15:00,0,29.4,54
11/26/2016 16:00,26/11/2016,16:00,0,26.9,64
11/26/2016 17:00,26/11/2016,17:00,0,24.9,71
11/26/2016 18:00,26/11/2016,18:00,0,22.4,81
11/26/2016 19:00,26/11/2016,19:00,0,21.7,82
11/26/2016 20:00,26/11/2016,20:00,1,21.4,83
11/26/2016 21:00,26/11/2016,21:00,0,21.1,83
11/26/2016 22:00,26/11/2016,22:00,0,20.8,83
11/26/2016 23:00,26/11/2016,23:00,0,20.6,82
11/27/2016 0:00,26/11/2016,0:00,0,20.4,84
11/27/2016 1:00,27/11/2016,1:00,0,20.5,85
11/27/2016 2:00,27/11/2016,2:00,0,20.4,87
11/27/2016 3:00,27/11/2016,3:00,0,20.2,88
11/27/2016 4:00,27/11/2016,4:00,0,20.2,88
11/27/2016 5:00,27/11/2016,5:00,0,20.7,86
11/27/2016 6:00,27/11/2016,6:00,0,20.5,88
11/27/2016 7:00,27/11/2016,7:00,0,20.6,88
11/27/2016 8:00,27/11/2016,8:00,0,20.4,89
11/27/2016 9:00,27/11/2016,9:00,0,21.3,84
11/27/2016 10:00,27/11/2016,10:00,0,23.9,73
11/27/2016 11:00,27/11/2016,11:00,0,26.1,65
11/27/2016 12:00,27/11/2016,12:00,0,28.3,58
11/27/2016 13:00,27/11/2016,13:00,0,30.2,51
11/27/2016 14:00,27/11/2016,14:00,0,31.6,45
11/27/2016 15:00,27/11/2016,15:00,0,31.1,44
11/27/2016 16:00,27/11/2016,16:00,0,30,48
11/27/2016 17:00,27/11/2016,17:00,0,27.5,57
11/27/2016 18:00,27/11/2016,18:00,0,26.6,61
11/27/2016 19:00,27/11/2016,19:00,0,27.1,57
11/27/2016 20:00,27/11/2016,20:00,0,25.3,66
11/27/2016 21:00,27/11/2016,21:00,0,24.3,72
11/27/2016 22:00,27/11/2016,22:00,0,23.3,82
11/27/2016 23:00,27/11/2016,23:00,0,22.8,86
11/28/2016 0:00,27/11/2016,0:00,0,23,86
11/28/2016 1:00,28/11/2016,1:00,0,22.8,82
11/28/2016 2:00,28/11/2016,2:00,0,22.8,80
11/28/2016 3:00,28/11/2016,3:00,0,23.2,77
11/28/2016 4:00,28/11/2016,4:00,0,23.2,78
11/28/2016 5:00,28/11/2016,5:00,0,22.9,79
11/28/2016 6:00,28/11/2016,6:00,0,22.5,80
11/28/2016 7:00,28/11/2016,7:00,0,22.4,81
11/28/2016 8:00,28/11/2016,8:00,0,23.3,75
11/28/2016 9:00,28/11/2016,9:00,0,24.4,70
11/28/2016 10:00,28/11/2016,10:00,0,25.4,65
11/28/2016 11:00,28/11/2016,11:00,0,27.3,59
11/28/2016 12:00,28/11/2016,12:00,0,29,56
11/28/2016 13:00,28/11/2016,13:00,0,29.9,53
11/28/2016 14:00,28/11/2016,14:00,0,30.8,48
11/28/2016 15:00,28/11/2016,15:00,0,31,46
11/28/2016 16:00,28/11/2016,16:00,0,30.8,46
11/28/2016 17:00,28/11/2016,17:00,0,25.5,73
11/28/2016 18:00,28/11/2016,18:00,0,22.1,97
11/28/2016 19:00,28/11/2016,19:00,0,22.7,90
11/28/2016 20:00,28/11/2016,20:00,0,23.1,83
11/28/2016 21:00,28/11/2016,21:00,0,23.4,81
11/28/2016 22:00,28/11/2016,22:00,0,23,87
11/28/2016 23:00,28/11/2016,23:00,0,23.5,88
11/29/2016 0:00,28/11/2016,0:00,0,23.5,86
11/29/2016 1:00,29/11/2016,1:00,0,23.6,85
11/29/2016 2:00,29/11/2016,2:00,0,23.2,88
11/29/2016 3:00,29/11/2016,3:00,0,20.8,97
11/29/2016 4:00,29/11/2016,4:00,0,19.7,97
11/29/2016 5:00,29/11/2016,5:00,0,19.8,97
11/29/2016 6:00,29/11/2016,6:00,0,19.8,97
11/29/2016 7:00,29/11/2016,7:00,0,20.1,97
11/29/2016 8:00,29/11/2016,8:00,0,20.5,95
11/29/2016 9:00,29/11/2016,9:00,0,20.6,92
11/29/2016 10:00,29/11/2016,10:00,0,21.4,88
11/29/2016 11:00,29/11/2016,11:00,0,22.3,84
11/29/2016 12:00,29/11/2016,12:00,0,22.8,82
11/29/2016 13:00,29/11/2016,13:00,0,23.9,78
11/29/2016 14:00,29/11/2016,14:00,0,24.1,79
11/29/2016 15:00,29/11/2016,15:00,0,23.1,83
11/29/2016 16:00,29/11/2016,16:00,0,21.9,89
11/29/2016 17:00,29/11/2016,17:00,0,22.2,84
11/29/2016 18:00,29/11/2016,18:00,0,20.8,88
11/29/2016 19:00,29/11/2016,19:00,0,20.2,85
11/29/2016 20:00,29/11/2016,20:00,0,18.6,83
11/29/2016 21:00,29/11/2016,21:00,0,17.8,83
11/29/2016 22:00,29/11/2016,22:00,0,17.4,89
11/29/2016 23:00,29/11/2016,23:00,0,17.3,85
11/30/2016 0:00,29/11/2016,0:00,0,17.1,86
11/30/2016 1:00,30/11/2016,1:00,0,16.7,86
11/30/2016 2:00,30/11/2016,2:00,0,15.7,93
11/30/2016 3:00,30/11/2016,3:00,0,15.5,96
11/30/2016 4:00,30/11/2016,4:00,0,15.7,95
11/30/2016 5:00,30/11/2016,5:00,0,15.7,92
11/30/2016 6:00,30/11/2016,6:00,0,15.8,91
11/30/2016 7:00,30/11/2016,7:00,0,15.6,93
11/30/2016 8:00,30/11/2016,8:00,0,15.9,89
11/30/2016 9:00,30/11/2016,9:00,0,16.7,82
11/30/2016 10:00,30/11/2016,10:00,0,16.5,88
11/30/2016 11:00,30/11/2016,11:00,0,17.4,82
11/30/2016 12:00,30/11/2016,12:00,0,18.3,79
11/30/2016 13:00,30/11/2016,13:00,0,18.3,80
11/30/2016 14:00,30/11/2016,14:00,0,17.6,81
11/30/2016 15:00,30/11/2016,15:00,0,18.6,73
11/30/2016 16:00,30/11/2016,16:00,0,19,71
11/30/2016 17:00,30/11/2016,17:00,0,17.7,80
11/30/2016 18:00,30/11/2016,18:00,0,17.6,81
11/30/2016 19:00,30/11/2016,19:00,1,17.7,81
11/30/2016 20:00,30/11/2016,20:00,0,17.3,81
11/30/2016 21:00,30/11/2016,21:00,0,16.7,86
11/30/2016 22:00,30/11/2016,22:00,0,16.6,87
11/30/2016 23:00,30/11/2016,23:00,0,16.6,82
12/1/2016 0:00,30/11/2016,0:00,0,16.5,82
12/1/2016 1:00,1/12/2016,1:00,0,16.5,84
12/1/2016 2:00,1/12/2016,2:00,0,16.3,85
12/1/2016 3:00,1/12/2016,3:00,0,16.3,85
12/1/2016 4:00,1/12/2016,4:00,0,16.2,83
12/1/2016 5:00,1/12/2016,5:00,0,16.2,83
12/1/2016 6:00,1/12/2016,6:00,0,16.2,83
12/1/2016 7:00,1/12/2016,7:00,0,16.2,84
12/1/2016 8:00,1/12/2016,8:00,0,16.7,84
12/1/2016 9:00,1/12/2016,9:00,0,17.4,82
12/1/2016 10:00,1/12/2016,10:00,0,18.7,75
12/1/2016 11:00,1/12/2016,11:00,0,19.4,72
12/1/2016 12:00,1/12/2016,12:00,0,19.8,71
12/1/2016 13:00,1/12/2016,13:00,0,21.4,65
12/1/2016 14:00,1/12/2016,14:00,0,22.2,62
12/1/2016 15:00,1/12/2016,15:00,0,21.8,68
12/1/2016 16:00,1/12/2016,16:00,0,21.4,70
12/1/2016 17:00,1/12/2016,17:00,0,21.6,69
12/1/2016 18:00,1/12/2016,18:00,0,20,77
12/1/2016 19:00,1/12/2016,19:00,0,19.3,81
12/1/2016 20:00,1/12/2016,20:00,0,18.6,84
12/1/2016 21:00,1/12/2016,21:00,0,18.3,85
12/1/2016 22:00,1/12/2016,22:00,0,18.5,83
12/1/2016 23:00,1/12/2016,23:00,0,18.4,84
12/2/2016 0:00,1/12/2016,0:00,0,18.3,83
12/2/2016 1:00,2/12/2016,1:00,0,18,84
12/2/2016 2:00,2/12/2016,2:00,0,18,84
12/2/2016 3:00,2/12/2016,3:00,0,18.1,83
12/2/2016 4:00,2/12/2016,4:00,0,18.2,83
12/2/2016 5:00,2/12/2016,5:00,0,18,83
12/2/2016 6:00,2/12/2016,6:00,0,18.2,81
12/2/2016 7:00,2/12/2016,7:00,0,18.2,81
12/2/2016 8:00,2/12/2016,8:00,0,18.4,80
12/2/2016 9:00,2/12/2016,9:00,0,18.8,79
12/2/2016 10:00,2/12/2016,10:00,0,19.8,75
12/2/2016 11:00,2/12/2016,11:00,0,21.3,70
12/2/2016 12:00,2/12/2016,12:00,0,23.7,63
12/2/2016 13:00,2/12/2016,13:00,0,25.7,57
12/2/2016 14:00,2/12/2016,14:00,0,26.7,54
12/2/2016 15:00,2/12/2016,15:00,0,27.1,54
12/2/2016 16:00,2/12/2016,16:00,0,28.1,52
12/2/2016 17:00,2/12/2016,17:00,0,27.5,58
12/2/2016 18:00,2/12/2016,18:00,0,25,68
12/2/2016 19:00,2/12/2016,19:00,0,21.7,80
12/2/2016 20:00,2/12/2016,20:00,0,20.5,85
12/2/2016 21:00,2/12/2016,21:00,1,20,86
12/2/2016 22:00,2/12/2016,22:00,0,19.8,84
12/2/2016 23:00,2/12/2016,23:00,0,19.6,84
12/3/2016 0:00,2/12/2016,0:00,0,19.6,85
12/3/2016 1:00,3/12/2016,1:00,0,19.5,85
12/3/2016 2:00,3/12/2016,2:00,0,19.6,86
12/3/2016 3:00,3/12/2016,3:00,0,19.9,86
12/3/2016 4:00,3/12/2016,4:00,0,19.8,86
12/3/2016 5:00,3/12/2016,5:00,0,19.8,87
12/3/2016 6:00,3/12/2016,6:00,0,19.6,88
12/3/2016 7:00,3/12/2016,7:00,0,19.4,89
12/3/2016 8:00,3/12/2016,8:00,0,19.6,88
12/3/2016 9:00,3/12/2016,9:00,0,21.4,80
12/3/2016 10:00,3/12/2016,10:00,0,23.6,72
12/3/2016 11:00,3/12/2016,11:00,0,25.9,65
12/3/2016 12:00,3/12/2016,12:00,0,27.8,60
12/3/2016 13:00,3/12/2016,13:00,0,29.5,53
12/3/2016 14:00,3/12/2016,14:00,0,29.1,53
12/3/2016 15:00,3/12/2016,15:00,0,30,50
12/3/2016 16:00,3/12/2016,16:00,0,29.6,52
12/3/2016 17:00,3/12/2016,17:00,0,25.1,71
12/3/2016 18:00,3/12/2016,18:00,0,20.8,92
12/3/2016 19:00,3/12/2016,19:00,0,21,88
12/3/2016 20:00,3/12/2016,20:00,0,20.3,89
12/3/2016 21:00,3/12/2016,21:00,0,20.3,89
12/3/2016 22:00,3/12/2016,22:00,0,20.6,85
12/3/2016 23:00,3/12/2016,23:00,0,20.6,83
12/4/2016 0:00,3/12/2016,0:00,0,20.8,82
12/4/2016 1:00,4/12/2016,1:00,0,21.1,82
12/4/2016 2:00,4/12/2016,2:00,0,21.2,81
12/4/2016 3:00,4/12/2016,3:00,0,21.2,84
12/4/2016 4:00,4/12/2016,4:00,0,21.2,84
12/4/2016 5:00,4/12/2016,5:00,1,21.1,86
12/4/2016 6:00,4/12/2016,6:00,0,21.2,84
12/4/2016 7:00,4/12/2016,7:00,0,21.3,83
12/4/2016 8:00,4/12/2016,8:00,0,21.7,81
12/4/2016 9:00,4/12/2016,9:00,0,22.6,76
12/4/2016 10:00,4/12/2016,10:00,0,23.5,72
12/4/2016 11:00,4/12/2016,11:00,0,24.5,67
12/4/2016 12:00,4/12/2016,12:00,0,25.6,58
12/4/2016 13:00,4/12/2016,13:00,0,27.1,50
12/4/2016 14:00,4/12/2016,14:00,0,27.7,46
12/4/2016 15:00,4/12/2016,15:00,0,28.9,40
12/4/2016 16:00,4/12/2016,16:00,0,29.4,34
12/4/2016 17:00,4/12/2016,17:00,0,26.2,58
12/4/2016 18:00,4/12/2016,18:00,0,22.5,73
12/4/2016 19:00,4/12/2016,19:00,0,20.7,79
12/4/2016 20:00,4/12/2016,20:00,0,19.9,80
12/4/2016 21:00,4/12/2016,21:00,0,18.9,83
12/4/2016 22:00,4/12/2016,22:00,0,17.5,91
12/4/2016 23:00,4/12/2016,23:00,0,16.5,95
12/5/2016 0:00,4/12/2016,0:00,0,16.6,94
12/5/2016 1:00,5/12/2016,1:00,0,16.7,92
12/5/2016 2:00,5/12/2016,2:00,0,16.8,89
12/5/2016 3:00,5/12/2016,3:00,0,16.4,90
12/5/2016 4:00,5/12/2016,4:00,0,16.3,89
12/5/2016 5:00,5/12/2016,5:00,0,16.3,90
12/5/2016 6:00,5/12/2016,6:00,0,16.2,92
12/5/2016 7:00,5/12/2016,7:00,0,16.4,93
12/5/2016 8:00,5/12/2016,8:00,0,17.1,86
12/5/2016 9:00,5/12/2016,9:00,0,18.3,79
12/5/2016 10:00,5/12/2016,10:00,0,20.1,71
12/5/2016 11:00,5/12/2016,11:00,0,22.1,66
12/5/2016 12:00,5/12/2016,12:00,0,23.6,63
12/5/2016 13:00,5/12/2016,13:00,0,25.3,57
12/5/2016 14:00,5/12/2016,14:00,0,26.3,51
12/5/2016 15:00,5/12/2016,15:00,0,26.6,47
12/5/2016 16:00,5/12/2016,16:00,0,27.2,43
12/5/2016 17:00,5/12/2016,17:00,0,26.7,47
12/5/2016 18:00,5/12/2016,18:00,0,22.9,67
12/5/2016 19:00,5/12/2016,19:00,0,22.1,69
12/5/2016 20:00,5/12/2016,20:00,0,20.3,74
12/5/2016 21:00,5/12/2016,21:00,0,18.9,79
12/5/2016 22:00,5/12/2016,22:00,0,18.6,71
12/5/2016 23:00,5/12/2016,23:00,0,18.8,62
12/6/2016 0:00,5/12/2016,0:00,0,18.4,63
12/6/2016 1:00,6/12/2016,1:00,0,18.1,65
12/6/2016 2:00,6/12/2016,2:00,0,17.7,67
12/6/2016 3:00,6/12/2016,3:00,0,17.5,70
12/6/2016 4:00,6/12/2016,4:00,0,17.1,74
12/6/2016 5:00,6/12/2016,5:00,0,16.8,72
12/6/2016 6:00,6/12/2016,6:00,0,16.6,72
12/6/2016 7:00,6/12/2016,7:00,0,16.4,72
12/6/2016 8:00,6/12/2016,8:00,0,18,66
12/6/2016 9:00,6/12/2016,9:00,0,20.4,57
12/6/2016 10:00,6/12/2016,10:00,0,22,53
12/6/2016 11:00,6/12/2016,11:00,0,23.9,47
12/6/2016 12:00,6/12/2016,12:00,0,25.8,40
12/6/2016 13:00,6/12/2016,13:00,0,27.5,36
12/6/2016 14:00,6/12/2016,14:00,0,28.4,35
12/6/2016 15:00,6/12/2016,15:00,0,29.5,34
12/6/2016 16:00,6/12/2016,16:00,0,30.1,34
12/6/2016 17:00,6/12/2016,17:00,0,30.2,32
12/6/2016 18:00,6/12/2016,18:00,0,29.2,37
12/6/2016 19:00,6/12/2016,19:00,0,27,45
12/6/2016 20:00,6/12/2016,20:00,0,25,49
12/6/2016 21:00,6/12/2016,21:00,0,23.8,53
12/6/2016 22:00,6/12/2016,22:00,0,22.7,55
12/6/2016 23:00,6/12/2016,23:00,0,22.1,57
12/7/2016 0:00,6/12/2016,0:00,0,21.9,59
12/7/2016 1:00,7/12/2016,1:00,0,21.9,59
12/7/2016 2:00,7/12/2016,2:00,0,21.9,60
12/7/2016 3:00,7/12/2016,3:00,0,20.8,66
12/7/2016 4:00,7/12/2016,4:00,0,20.3,68
12/7/2016 5:00,7/12/2016,5:00,0,20.4,66
12/7/2016 6:00,7/12/2016,6:00,0,19.4,73
12/7/2016 7:00,7/12/2016,7:00,0,19.6,72
12/7/2016 8:00,7/12/2016,8:00,0,20.9,67
12/7/2016 9:00,7/12/2016,9:00,0,23,59
12/7/2016 10:00,7/12/2016,10:00,0,25.3,50
12/7/2016 11:00,7/12/2016,11:00,0,27.9,43
12/7/2016 12:00,7/12/2016,12:00,0,29.8,36
12/7/2016 13:00,7/12/2016,13:00,0,30.8,36
12/7/2016 14:00,7/12/2016,14:00,0,30.9,38
12/7/2016 15:00,7/12/2016,15:00,0,30.6,39
12/7/2016 16:00,7/12/2016,16:00,0,29,47
12/7/2016 17:00,7/12/2016,17:00,0,22.9,83
12/7/2016 18:00,7/12/2016,18:00,0,22.4,85
12/7/2016 19:00,7/12/2016,19:00,0,22.6,85
12/7/2016 20:00,7/12/2016,20:00,0,23.1,81
12/7/2016 21:00,7/12/2016,21:00,0,22.7,82
12/7/2016 22:00,7/12/2016,22:00,0,22.7,80
12/7/2016 23:00,7/12/2016,23:00,0,22.7,79
12/8/2016 0:00,7/12/2016,0:00,0,22.3,79
12/8/2016 1:00,8/12/2016,1:00,0,21.9,78
12/8/2016 2:00,8/12/2016,2:00,0,21.4,81
12/8/2016 3:00,8/12/2016,3:00,0,21,84
12/8/2016 4:00,8/12/2016,4:00,0,20.8,86
12/8/2016 5:00,8/12/2016,5:00,1,20.8,86
12/8/2016 6:00,8/12/2016,6:00,0,20.5,86
12/8/2016 7:00,8/12/2016,7:00,0,20,88
12/8/2016 8:00,8/12/2016,8:00,0,21.3,82
12/8/2016 9:00,8/12/2016,9:00,0,23.6,69
12/8/2016 10:00,8/12/2016,10:00,0,26,57
12/8/2016 11:00,8/12/2016,11:00,0,27.8,50
12/8/2016 12:00,8/12/2016,12:00,0,28.8,47
12/8/2016 13:00,8/12/2016,13:00,0,30,43
12/8/2016 14:00,8/12/2016,14:00,0,30.7,42
12/8/2016 15:00,8/12/2016,15:00,0,30.5,44
12/8/2016 16:00,8/12/2016,16:00,0,30.7,44
12/8/2016 17:00,8/12/2016,17:00,0,30.8,42
12/8/2016 18:00,8/12/2016,18:00,0,29.9,46
12/8/2016 19:00,8/12/2016,19:00,0,29.1,49
12/8/2016 20:00,8/12/2016,20:00,0,28.3,53
12/8/2016 21:00,8/12/2016,21:00,0,23.1,77
12/8/2016 22:00,8/12/2016,22:00,0,22.4,78
12/8/2016 23:00,8/12/2016,23:00,0,22.4,77
12/9/2016 0:00,8/12/2016,0:00,0,22.6,76
12/9/2016 1:00,9/12/2016,1:00,0,22.5,76
12/9/2016 2:00,9/12/2016,2:00,0,22.4,77
12/9/2016 3:00,9/12/2016,3:00,0,22.9,78
12/9/2016 4:00,9/12/2016,4:00,0,23,78
12/9/2016 5:00,9/12/2016,5:00,0,22.5,78
12/9/2016 6:00,9/12/2016,6:00,0,21.7,80
12/9/2016 7:00,9/12/2016,7:00,0,21.6,78
12/9/2016 8:00,9/12/2016,8:00,0,22.3,73
12/9/2016 9:00,9/12/2016,9:00,0,24,66
12/9/2016 10:00,9/12/2016,10:00,0,25.3,61
12/9/2016 11:00,9/12/2016,11:00,0,27.1,53
12/9/2016 12:00,9/12/2016,12:00,0,27.7,51
12/9/2016 13:00,9/12/2016,13:00,0,28.8,47
12/9/2016 14:00,9/12/2016,14:00,0,29.9,44
12/9/2016 15:00,9/12/2016,15:00,0,28.9,51
12/9/2016 16:00,9/12/2016,16:00,0,25,74
12/9/2016 17:00,9/12/2016,17:00,0,24.3,77
12/9/2016 18:00,9/12/2016,18:00,0,22.9,82
12/9/2016 19:00,9/12/2016,19:00,0,22.2,84
12/9/2016 20:00,9/12/2016,20:00,0,21.7,88
12/9/2016 21:00,9/12/2016,21:00,1,21.5,88
12/9/2016 22:00,9/12/2016,22:00,1,21.4,88
12/9/2016 23:00,9/12/2016,23:00,1,21.4,87
12/10/2016 0:00,9/12/2016,0:00,0,21.6,84
12/10/2016 1:00,10/12/2016,1:00,0,21.7,84
12/10/2016 2:00,10/12/2016,2:00,0,21.5,84
12/10/2016 3:00,10/12/2016,3:00,0,21.5,85
12/10/2016 4:00,10/12/2016,4:00,0,21.5,86
12/10/2016 5:00,10/12/2016,5:00,0,21.4,86
12/10/2016 6:00,10/12/2016,6:00,0,21.3,87
12/10/2016 7:00,10/12/2016,7:00,0,21.5,87
12/10/2016 8:00,10/12/2016,8:00,0,21.9,85
12/10/2016 9:00,10/12/2016,9:00,0,22.4,84
12/10/2016 10:00,10/12/2016,10:00,0,24.2,75
12/10/2016 11:00,10/12/2016,11:00,0,25.9,68
12/10/2016 12:00,10/12/2016,12:00,0,27.9,60
12/10/2016 13:00,10/12/2016,13:00,0,29.1,55
12/10/2016 14:00,10/12/2016,14:00,0,29.4,52
12/10/2016 15:00,10/12/2016,15:00,0,29.5,52
12/10/2016 16:00,10/12/2016,16:00,0,29.4,52
12/10/2016 17:00,10/12/2016,17:00,0,29.1,54
12/10/2016 18:00,10/12/2016,18:00,0,26.4,67
12/10/2016 19:00,10/12/2016,19:00,0,22.9,88
12/10/2016 20:00,10/12/2016,20:00,0,22,89
12/10/2016 21:00,10/12/2016,21:00,0,22.4,86
12/10/2016 22:00,10/12/2016,22:00,0,22.5,84
12/10/2016 23:00,10/12/2016,23:00,0,22.7,82
12/11/2016 0:00,10/12/2016,0:00,0,23,80
12/11/2016 1:00,11/12/2016,1:00,0,23.1,79
12/11/2016 2:00,11/12/2016,2:00,0,23.3,78
12/11/2016 3:00,11/12/2016,3:00,0,23.1,81
12/11/2016 4:00,11/12/2016,4:00,0,22.7,83
12/11/2016 5:00,11/12/2016,5:00,0,22.7,83
12/11/2016 6:00,11/12/2016,6:00,0,22.7,85
12/11/2016 7:00,11/12/2016,7:00,0,22.8,84
12/11/2016 8:00,11/12/2016,8:00,0,22.9,85
12/11/2016 9:00,11/12/2016,9:00,0,23.2,83
12/11/2016 10:00,11/12/2016,10:00,0,23.8,79
12/11/2016 11:00,11/12/2016,11:00,0,24.2,76
12/11/2016 12:00,11/12/2016,12:00,0,24,78
12/11/2016 13:00,11/12/2016,13:00,0,24,79
12/11/2016 14:00,11/12/2016,14:00,0,25.8,74
12/11/2016 15:00,11/12/2016,15:00,0,27.1,67
12/11/2016 16:00,11/12/2016,16:00,0,23,88
12/11/2016 17:00,11/12/2016,17:00,0,22.8,92
12/11/2016 18:00,11/12/2016,18:00,0,22.7,91
12/11/2016 19:00,11/12/2016,19:00,0,23.2,87
12/11/2016 20:00,11/12/2016,20:00,0,22.8,91
12/11/2016 21:00,11/12/2016,21:00,1,22.8,92
12/11/2016 22:00,11/12/2016,22:00,0,22.8,94
12/11/2016 23:00,11/12/2016,23:00,1,22.1,92
12/12/2016 0:00,11/12/2016,0:00,0,21.4,90
12/12/2016 1:00,12/12/2016,1:00,0,21.3,92
12/12/2016 2:00,12/12/2016,2:00,0,20.9,97
12/12/2016 3:00,12/12/2016,3:00,0,21,98
12/12/2016 4:00,12/12/2016,4:00,0,21.4,98
12/12/2016 5:00,12/12/2016,5:00,0,21.5,97
12/12/2016 6:00,12/12/2016,6:00,0,21.7,95
12/12/2016 7:00,12/12/2016,7:00,0,21.9,91
12/12/2016 8:00,12/12/2016,8:00,0,22.6,87
12/12/2016 9:00,12/12/2016,9:00,0,24,81
12/12/2016 10:00,12/12/2016,10:00,0,23.8,81
12/12/2016 11:00,12/12/2016,11:00,0,21.4,93
12/12/2016 12:00,12/12/2016,12:00,0,20.1,97
12/12/2016 13:00,12/12/2016,13:00,1,20.1,98
12/12/2016 14:00,12/12/2016,14:00,0,21.1,94
12/12/2016 15:00,12/12/2016,15:00,0,21.1,94
12/12/2016 16:00,12/12/2016,16:00,0,21.6,92
12/12/2016 17:00,12/12/2016,17:00,0,22.2,88
12/12/2016 18:00,12/12/2016,18:00,0,22.1,87
12/12/2016 19:00,12/12/2016,19:00,0,21.2,89
12/12/2016 20:00,12/12/2016,20:00,0,20.8,91
12/12/2016 21:00,12/12/2016,21:00,0,20.4,92
12/12/2016 22:00,12/12/2016,22:00,0,20.3,92
12/12/2016 23:00,12/12/2016,23:00,0,20.5,91
12/13/2016 0:00,12/12/2016,0:00,0,20.6,91
12/13/2016 1:00,13/12/2016,1:00,0,20.7,90
12/13/2016 2:00,13/12/2016,2:00,0,20.6,92
12/13/2016 3:00,13/12/2016,3:00,0,20.9,90
12/13/2016 4:00,13/12/2016,4:00,0,20.7,92
12/13/2016 5:00,13/12/2016,5:00,0,20.6,93
12/13/2016 6:00,13/12/2016,6:00,0,20.6,93
12/13/2016 7:00,13/12/2016,7:00,0,20.3,94
12/13/2016 8:00,13/12/2016,8:00,0,21.4,90
12/13/2016 9:00,13/12/2016,9:00,0,23.8,80
12/13/2016 10:00,13/12/2016,10:00,0,25.1,76
12/13/2016 11:00,13/12/2016,11:00,0,27,72
12/13/2016 12:00,13/12/2016,12:00,0,27.4,71
12/13/2016 13:00,13/12/2016,13:00,0,28.8,64
12/13/2016 14:00,13/12/2016,14:00,0,30.1,57
12/13/2016 15:00,13/12/2016,15:00,0,30.6,53
12/13/2016 16:00,13/12/2016,16:00,0,30.8,50
12/13/2016 17:00,13/12/2016,17:00,0,30.7,50
12/13/2016 18:00,13/12/2016,18:00,0,29.3,60
12/13/2016 19:00,13/12/2016,19:00,0,28,67
12/13/2016 20:00,13/12/2016,20:00,0,27,69
12/13/2016 21:00,13/12/2016,21:00,0,26.5,66
12/13/2016 22:00,13/12/2016,22:00,0,26.3,64
12/13/2016 23:00,13/12/2016,23:00,0,25.7,65
12/14/2016 0:00,13/12/2016,0:00,0,25.2,65
12/14/2016 1:00,14/12/2016,1:00,0,24.7,67
12/14/2016 2:00,14/12/2016,2:00,0,24.6,75
12/14/2016 3:00,14/12/2016,3:00,0,24.2,75
12/14/2016 4:00,14/12/2016,4:00,0,24.1,77
12/14/2016 5:00,14/12/2016,5:00,0,23.8,82
12/14/2016 6:00,14/12/2016,6:00,0,23.6,83
12/14/2016 7:00,14/12/2016,7:00,0,23,77
12/14/2016 8:00,14/12/2016,8:00,0,23.1,75
12/14/2016 9:00,14/12/2016,9:00,0,23.9,73
12/14/2016 10:00,14/12/2016,10:00,0,22.7,79
12/14/2016 11:00,14/12/2016,11:00,0,22.9,81
12/14/2016 12:00,14/12/2016,12:00,0,24,76
12/14/2016 13:00,14/12/2016,13:00,0,24.5,74
12/14/2016 14:00,14/12/2016,14:00,0,25.3,70
12/14/2016 15:00,14/12/2016,15:00,0,24.4,72
12/14/2016 16:00,14/12/2016,16:00,0,22.8,76
12/14/2016 17:00,14/12/2016,17:00,0,21.9,78
12/14/2016 18:00,14/12/2016,18:00,0,20.6,83
12/14/2016 19:00,14/12/2016,19:00,0,20.5,84
12/14/2016 20:00,14/12/2016,20:00,0,20,84
12/14/2016 21:00,14/12/2016,21:00,0,19.5,86
12/14/2016 22:00,14/12/2016,22:00,0,18.6,92
12/14/2016 23:00,14/12/2016,23:00,1,18.4,89
12/15/2016 0:00,14/12/2016,0:00,0,18.3,89
12/15/2016 1:00,15/12/2016,1:00,1,18,93
12/15/2016 2:00,15/12/2016,2:00,0,18.1,90
12/15/2016 3:00,15/12/2016,3:00,0,18,89
12/15/2016 4:00,15/12/2016,4:00,0,17.6,86
12/15/2016 5:00,15/12/2016,5:00,0,17.2,86
12/15/2016 6:00,15/12/2016,6:00,0,16.8,89
12/15/2016 7:00,15/12/2016,7:00,0,16.8,86
12/15/2016 8:00,15/12/2016,8:00,0,16.8,85
12/15/2016 9:00,15/12/2016,9:00,0,17,85
12/15/2016 10:00,15/12/2016,10:00,0,16.4,89
12/15/2016 11:00,15/12/2016,11:00,0,17.6,78
12/15/2016 12:00,15/12/2016,12:00,0,17.6,78
12/15/2016 13:00,15/12/2016,13:00,0,17.6,77
12/15/2016 14:00,15/12/2016,14:00,0,18.3,72
12/15/2016 15:00,15/12/2016,15:00,0,18,73
12/15/2016 16:00,15/12/2016,16:00,0,17.4,76
12/15/2016 17:00,15/12/2016,17:00,0,17.6,74
12/15/2016 18:00,15/12/2016,18:00,0,17.4,77
12/15/2016 19:00,15/12/2016,19:00,0,17.1,79
12/15/2016 20:00,15/12/2016,20:00,1,16,88
12/15/2016 21:00,15/12/2016,21:00,0,16.2,80
12/15/2016 22:00,15/12/2016,22:00,0,16.3,75
12/15/2016 23:00,15/12/2016,23:00,0,16.1,78
12/16/2016 0:00,15/12/2016,0:00,0,15.8,78
12/16/2016 1:00,16/12/2016,1:00,0,15.7,80
12/16/2016 2:00,16/12/2016,2:00,0,15.9,81
12/16/2016 3:00,16/12/2016,3:00,0,15.8,79
12/16/2016 4:00,16/12/2016,4:00,0,15.4,80
12/16/2016 5:00,16/12/2016,5:00,0,15.1,82
12/16/2016 6:00,16/12/2016,6:00,0,15.1,82
12/16/2016 7:00,16/12/2016,7:00,0,15,84
12/16/2016 8:00,16/12/2016,8:00,0,15.9,81
12/16/2016 9:00,16/12/2016,9:00,0,17.2,77
12/16/2016 10:00,16/12/2016,10:00,0,18.4,71
12/16/2016 11:00,16/12/2016,11:00,0,19.7,66
12/16/2016 12:00,16/12/2016,12:00,0,20.2,65
12/16/2016 13:00,16/12/2016,13:00,0,21.1,63
12/16/2016 14:00,16/12/2016,14:00,0,22.1,61
12/16/2016 15:00,16/12/2016,15:00,0,21.9,64
12/16/2016 16:00,16/12/2016,16:00,0,22.1,66
12/16/2016 17:00,16/12/2016,17:00,0,21.8,66
12/16/2016 18:00,16/12/2016,18:00,0,22,65
12/16/2016 19:00,16/12/2016,19:00,0,21.4,67
12/16/2016 20:00,16/12/2016,20:00,0,20.4,73
12/16/2016 21:00,16/12/2016,21:00,0,18.8,79
12/16/2016 22:00,16/12/2016,22:00,0,18.1,80
12/16/2016 23:00,16/12/2016,23:00,0,18.5,78
12/17/2016 0:00,16/12/2016,0:00,0,18.2,80
12/17/2016 1:00,17/12/2016,1:00,0,17.6,82
12/17/2016 2:00,17/12/2016,2:00,1,17.5,82
12/17/2016 3:00,17/12/2016,3:00,1,17.7,80
12/17/2016 4:00,17/12/2016,4:00,0,17.5,81
12/17/2016 5:00,17/12/2016,5:00,0,16.8,86
12/17/2016 6:00,17/12/2016,6:00,0,16.4,87
12/17/2016 7:00,17/12/2016,7:00,0,16.9,85
12/17/2016 8:00,17/12/2016,8:00,0,17.7,82
12/17/2016 9:00,17/12/2016,9:00,0,19.2,75
12/17/2016 10:00,17/12/2016,10:00,0,20.8,68
12/17/2016 11:00,17/12/2016,11:00,0,22.7,60
12/17/2016 12:00,17/12/2016,12:00,0,24.1,54
12/17/2016 13:00,17/12/2016,13:00,0,25.7,51
12/17/2016 14:00,17/12/2016,14:00,0,27,46
12/17/2016 15:00,17/12/2016,15:00,0,27.9,45
12/17/2016 16:00,17/12/2016,16:00,0,26.1,59
12/17/2016 17:00,17/12/2016,17:00,0,25.2,63
12/17/2016 18:00,17/12/2016,18:00,0,23.3,70
12/17/2016 19:00,17/12/2016,19:00,0,22.1,74
12/17/2016 20:00,17/12/2016,20:00,0,21.5,75
12/17/2016 21:00,17/12/2016,21:00,0,21.2,77
12/17/2016 22:00,17/12/2016,22:00,0,21,77
12/17/2016 23:00,17/12/2016,23:00,0,20.4,80
12/18/2016 0:00,17/12/2016,0:00,0,20.5,81
12/18/2016 1:00,18/12/2016,1:00,0,20.2,83
12/18/2016 2:00,18/12/2016,2:00,0,20.2,83
12/18/2016 3:00,18/12/2016,3:00,0,19.8,84
12/18/2016 4:00,18/12/2016,4:00,1,19.4,85
12/18/2016 5:00,18/12/2016,5:00,0,19.4,85
12/18/2016 6:00,18/12/2016,6:00,0,19.4,85
12/18/2016 7:00,18/12/2016,7:00,0,19.3,85
12/18/2016 8:00,18/12/2016,8:00,0,19.5,85
12/18/2016 9:00,18/12/2016,9:00,0,20.9,78
12/18/2016 10:00,18/12/2016,10:00,0,22.7,70
12/18/2016 11:00,18/12/2016,11:00,0,24.8,62
12/18/2016 12:00,18/12/2016,12:00,0,27.1,51
12/18/2016 13:00,18/12/2016,13:00,0,27.8,47
12/18/2016 14:00,18/12/2016,14:00,0,29.4,41
12/18/2016 15:00,18/12/2016,15:00,0,29,48
12/18/2016 16:00,18/12/2016,16:00,0,25,65
12/18/2016 17:00,18/12/2016,17:00,0,20.9,74
12/18/2016 18:00,18/12/2016,18:00,0,20.9,79
12/18/2016 19:00,18/12/2016,19:00,0,22.1,75
12/18/2016 20:00,18/12/2016,20:00,0,21.4,78
12/18/2016 21:00,18/12/2016,21:00,0,21.4,77
12/18/2016 22:00,18/12/2016,22:00,0,21.3,81
12/18/2016 23:00,18/12/2016,23:00,0,20.6,80
12/19/2016 0:00,18/12/2016,0:00,0,20.6,70
12/19/2016 1:00,19/12/2016,1:00,0,20.8,71
12/19/2016 2:00,19/12/2016,2:00,0,20,77
12/19/2016 3:00,19/12/2016,3:00,0,19.3,82
12/19/2016 4:00,19/12/2016,4:00,0,19.1,87
12/19/2016 5:00,19/12/2016,5:00,1,19.2,88
12/19/2016 6:00,19/12/2016,6:00,0,19,88
12/19/2016 7:00,19/12/2016,7:00,0,18.8,87
12/19/2016 8:00,19/12/2016,8:00,0,21,73
12/19/2016 9:00,19/12/2016,9:00,0,22,69
12/19/2016 10:00,19/12/2016,10:00,0,23.5,64
12/19/2016 11:00,19/12/2016,11:00,0,26.2,55
12/19/2016 12:00,19/12/2016,12:00,0,27.6,49
12/19/2016 13:00,19/12/2016,13:00,0,28.4,47
12/19/2016 14:00,19/12/2016,14:00,0,29.4,46
12/19/2016 15:00,19/12/2016,15:00,0,28.8,47
12/19/2016 16:00,19/12/2016,16:00,0,26.4,55
12/19/2016 17:00,19/12/2016,17:00,0,25,56
12/19/2016 18:00,19/12/2016,18:00,0,23.6,72
12/19/2016 19:00,19/12/2016,19:00,0,24.1,65
12/19/2016 20:00,19/12/2016,20:00,0,21.9,68
12/19/2016 21:00,19/12/2016,21:00,0,20.9,73
12/19/2016 22:00,19/12/2016,22:00,0,21,74
12/19/2016 23:00,19/12/2016,23:00,0,20.6,77
12/20/2016 0:00,19/12/2016,0:00,0,20.4,76
12/20/2016 1:00,20/12/2016,1:00,0,20.7,75
12/20/2016 2:00,20/12/2016,2:00,0,20.6,77
12/20/2016 3:00,20/12/2016,3:00,0,19.9,82
12/20/2016 4:00,20/12/2016,4:00,0,19.5,83
12/20/2016 5:00,20/12/2016,5:00,0,19.1,83
12/20/2016 6:00,20/12/2016,6:00,0,18.9,84
12/20/2016 7:00,20/12/2016,7:00,0,19.4,81
12/20/2016 8:00,20/12/2016,8:00,0,20.4,77
12/20/2016 9:00,20/12/2016,9:00,0,21.9,68
12/20/2016 10:00,20/12/2016,10:00,0,23.4,61
12/20/2016 11:00,20/12/2016,11:00,0,25.2,56
12/20/2016 12:00,20/12/2016,12:00,0,27.2,52
12/20/2016 13:00,20/12/2016,13:00,0,27.9,51
12/20/2016 14:00,20/12/2016,14:00,0,28.5,50
12/20/2016 15:00,20/12/2016,15:00,0,29.2,48
12/20/2016 16:00,20/12/2016,16:00,0,29.8,44
12/20/2016 17:00,20/12/2016,17:00,0,25.4,58
12/20/2016 18:00,20/12/2016,18:00,0,23.7,63
12/20/2016 19:00,20/12/2016,19:00,0,23,63
12/20/2016 20:00,20/12/2016,20:00,0,22.1,75
12/20/2016 21:00,20/12/2016,21:00,0,22.2,76
12/20/2016 22:00,20/12/2016,22:00,0,22,75
12/20/2016 23:00,20/12/2016,23:00,0,22,73
12/21/2016 0:00,20/12/2016,0:00,0,22,70
12/21/2016 1:00,21/12/2016,1:00,0,21.2,70
12/21/2016 2:00,21/12/2016,2:00,0,20.4,78
12/21/2016 3:00,21/12/2016,3:00,1,19.9,81
12/21/2016 4:00,21/12/2016,4:00,0,19.9,78
12/21/2016 5:00,21/12/2016,5:00,0,19.9,80
12/21/2016 6:00,21/12/2016,6:00,0,19.7,84
12/21/2016 7:00,21/12/2016,7:00,0,19.4,86
12/21/2016 8:00,21/12/2016,8:00,0,20.7,78
12/21/2016 9:00,21/12/2016,9:00,0,23,69
12/21/2016 10:00,21/12/2016,10:00,0,25.3,58
12/21/2016 11:00,21/12/2016,11:00,0,27,51
12/21/2016 12:00,21/12/2016,12:00,0,28.4,46
12/21/2016 13:00,21/12/2016,13:00,0,28.8,45
12/21/2016 14:00,21/12/2016,14:00,0,29.1,43
12/21/2016 15:00,21/12/2016,15:00,0,29.3,42
12/21/2016 16:00,21/12/2016,16:00,0,30,40
12/21/2016 17:00,21/12/2016,17:00,0,27,61
12/21/2016 18:00,21/12/2016,18:00,0,20.1,91
12/21/2016 19:00,21/12/2016,19:00,0,19.4,95
12/21/2016 20:00,21/12/2016,20:00,0,19.5,92
12/21/2016 21:00,21/12/2016,21:00,0,19.8,91
12/21/2016 22:00,21/12/2016,22:00,0,20.1,90
12/21/2016 23:00,21/12/2016,23:00,0,20.2,87
12/22/2016 0:00,21/12/2016,0:00,1,21.1,85
12/22/2016 1:00,22/12/2016,1:00,0,20.6,87
12/22/2016 2:00,22/12/2016,2:00,0,20.8,87
12/22/2016 3:00,22/12/2016,3:00,0,20.5,89
12/22/2016 4:00,22/12/2016,4:00,1,20.1,88
12/22/2016 5:00,22/12/2016,5:00,0,20.2,86
12/22/2016 6:00,22/12/2016,6:00,0,20.6,82
12/22/2016 7:00,22/12/2016,7:00,0,20.7,79
12/22/2016 8:00,22/12/2016,8:00,0,21.1,79
12/22/2016 9:00,22/12/2016,9:00,0,22.2,74
12/22/2016 10:00,22/12/2016,10:00,0,23.3,70
12/22/2016 11:00,22/12/2016,11:00,0,23.4,68
12/22/2016 12:00,22/12/2016,12:00,0,23.9,67
12/22/2016 13:00,22/12/2016,13:00,0,25.5,61
12/22/2016 14:00,22/12/2016,14:00,0,27.6,54
12/22/2016 15:00,22/12/2016,15:00,0,28.9,50
12/22/2016 16:00,22/12/2016,16:00,0,29.7,44
12/22/2016 17:00,22/12/2016,17:00,0,29.6,43
12/22/2016 18:00,22/12/2016,18:00,0,29.3,44
12/22/2016 19:00,22/12/2016,19:00,0,28.4,46
12/22/2016 20:00,22/12/2016,20:00,0,27.4,46
12/22/2016 21:00,22/12/2016,21:00,0,25.5,69
12/22/2016 22:00,22/12/2016,22:00,0,24.3,78
12/22/2016 23:00,22/12/2016,23:00,0,24.3,77
12/23/2016 0:00,22/12/2016,0:00,0,24,70
12/23/2016 1:00,23/12/2016,1:00,0,23.1,73
12/23/2016 2:00,23/12/2016,2:00,0,22.1,74
12/23/2016 3:00,23/12/2016,3:00,0,21.5,78
12/23/2016 4:00,23/12/2016,4:00,0,21.5,77
12/23/2016 5:00,23/12/2016,5:00,0,21.1,79
12/23/2016 6:00,23/12/2016,6:00,0,20.8,81
12/23/2016 7:00,23/12/2016,7:00,0,20.6,83
12/23/2016 8:00,23/12/2016,8:00,0,21.5,80
12/23/2016 9:00,23/12/2016,9:00,0,23.1,72
12/23/2016 10:00,23/12/2016,10:00,0,25.9,58
12/23/2016 11:00,23/12/2016,11:00,0,28.3,48
12/23/2016 12:00,23/12/2016,12:00,0,30.6,39
12/23/2016 13:00,23/12/2016,13:00,0,31.7,34
12/23/2016 14:00,23/12/2016,14:00,0,32.2,34
12/23/2016 15:00,23/12/2016,15:00,0,33,32
12/23/2016 16:00,23/12/2016,16:00,0,33,30
12/23/2016 17:00,23/12/2016,17:00,0,30.1,47
12/23/2016 18:00,23/12/2016,18:00,0,25.8,69
12/23/2016 19:00,23/12/2016,19:00,0,24.4,71
12/23/2016 20:00,23/12/2016,20:00,0,23.7,70
12/23/2016 21:00,23/12/2016,21:00,0,23.1,76
12/23/2016 22:00,23/12/2016,22:00,0,21.5,82
12/23/2016 23:00,23/12/2016,23:00,0,21.3,81
12/24/2016 0:00,23/12/2016,0:00,0,21.4,80
12/24/2016 1:00,24/12/2016,1:00,0,20.5,86
12/24/2016 2:00,24/12/2016,2:00,0,20.6,84
12/24/2016 3:00,24/12/2016,3:00,1,20,85
12/24/2016 4:00,24/12/2016,4:00,0,19.7,84
12/24/2016 5:00,24/12/2016,5:00,0,19.9,82
12/24/2016 6:00,24/12/2016,6:00,0,20,84
12/24/2016 7:00,24/12/2016,7:00,0,19.8,84
12/24/2016 8:00,24/12/2016,8:00,0,21.8,75
12/24/2016 9:00,24/12/2016,9:00,0,23.8,60
12/24/2016 10:00,24/12/2016,10:00,0,25.7,54
12/24/2016 11:00,24/12/2016,11:00,0,26.7,52
12/24/2016 12:00,24/12/2016,12:00,0,28.7,46
12/24/2016 13:00,24/12/2016,13:00,0,30.3,42
12/24/2016 14:00,24/12/2016,14:00,0,31.4,38
12/24/2016 15:00,24/12/2016,15:00,0,32.5,33
12/24/2016 16:00,24/12/2016,16:00,0,31.7,35
12/24/2016 17:00,24/12/2016,17:00,0,30.2,43
12/24/2016 18:00,24/12/2016,18:00,0,28.9,50
12/24/2016 19:00,24/12/2016,19:00,0,27.9,50
12/24/2016 20:00,24/12/2016,20:00,0,26.4,52
12/24/2016 21:00,24/12/2016,21:00,0,25.5,55
12/24/2016 22:00,24/12/2016,22:00,0,24.9,60
12/24/2016 23:00,24/12/2016,23:00,0,25,57
12/25/2016 0:00,24/12/2016,0:00,0,24.8,56
12/25/2016 1:00,25/12/2016,1:00,0,24,60
12/25/2016 2:00,25/12/2016,2:00,0,23.4,62
12/25/2016 3:00,25/12/2016,3:00,0,23.1,63
12/25/2016 4:00,25/12/2016,4:00,0,22.7,65
12/25/2016 5:00,25/12/2016,5:00,0,22.4,67
12/25/2016 6:00,25/12/2016,6:00,0,22.1,69
12/25/2016 7:00,25/12/2016,7:00,0,21.9,72
12/25/2016 8:00,25/12/2016,8:00,0,22.5,72
12/25/2016 9:00,25/12/2016,9:00,0,25.2,61
12/25/2016 10:00,25/12/2016,10:00,0,26.3,59
12/25/2016 11:00,25/12/2016,11:00,0,27.5,57
12/25/2016 12:00,25/12/2016,12:00,0,29.1,55
12/25/2016 13:00,25/12/2016,13:00,0,30.2,53
12/25/2016 14:00,25/12/2016,14:00,0,30.6,52
12/25/2016 15:00,25/12/2016,15:00,0,30.5,53
12/25/2016 16:00,25/12/2016,16:00,0,30.2,56
12/25/2016 17:00,25/12/2016,17:00,0,28.9,61
12/25/2016 18:00,25/12/2016,18:00,0,26.6,68
12/25/2016 19:00,25/12/2016,19:00,0,25.5,70
12/25/2016 20:00,25/12/2016,20:00,0,25,71
12/25/2016 21:00,25/12/2016,21:00,0,24.6,74
12/25/2016 22:00,25/12/2016,22:00,0,24.1,77
12/25/2016 23:00,25/12/2016,23:00,0,23.8,78
12/26/2016 0:00,25/12/2016,0:00,0,23.8,78
12/26/2016 1:00,26/12/2016,1:00,0,23.5,80
12/26/2016 2:00,26/12/2016,2:00,0,23.2,80
12/26/2016 3:00,26/12/2016,3:00,0,22.5,83
12/26/2016 4:00,26/12/2016,4:00,0,22.4,81
12/26/2016 5:00,26/12/2016,5:00,0,21.4,83
12/26/2016 6:00,26/12/2016,6:00,0,21.4,80
12/26/2016 7:00,26/12/2016,7:00,1,21.3,80
12/26/2016 8:00,26/12/2016,8:00,0,22.6,71
12/26/2016 9:00,26/12/2016,9:00,0,25.2,57
12/26/2016 10:00,26/12/2016,10:00,0,27.2,48
12/26/2016 11:00,26/12/2016,11:00,0,29,42
12/26/2016 12:00,26/12/2016,12:00,0,30.4,40
12/26/2016 13:00,26/12/2016,13:00,0,31.6,39
12/26/2016 14:00,26/12/2016,14:00,0,32.4,36
12/26/2016 15:00,26/12/2016,15:00,0,33.3,33
12/26/2016 16:00,26/12/2016,16:00,0,33.6,33
12/26/2016 17:00,26/12/2016,17:00,0,33.6,31
12/26/2016 18:00,26/12/2016,18:00,0,33.2,32
12/26/2016 19:00,26/12/2016,19:00,0,32.4,35
12/26/2016 20:00,26/12/2016,20:00,0,31.9,38
12/26/2016 21:00,26/12/2016,21:00,0,30.1,46
12/26/2016 22:00,26/12/2016,22:00,0,27.9,58
12/26/2016 23:00,26/12/2016,23:00,0,27.6,70
12/27/2016 0:00,26/12/2016,0:00,0,27.5,68
12/27/2016 1:00,27/12/2016,1:00,0,26.8,67
12/27/2016 2:00,27/12/2016,2:00,0,26.6,69
12/27/2016 3:00,27/12/2016,3:00,0,26.1,69
12/27/2016 4:00,27/12/2016,4:00,0,25.5,69
12/27/2016 5:00,27/12/2016,5:00,0,25.2,67
12/27/2016 6:00,27/12/2016,6:00,0,25.4,66
12/27/2016 7:00,27/12/2016,7:00,0,25.4,64
12/27/2016 8:00,27/12/2016,8:00,0,25.6,64
12/27/2016 9:00,27/12/2016,9:00,0,27.7,59
12/27/2016 10:00,27/12/2016,10:00,0,29.5,50
12/27/2016 11:00,27/12/2016,11:00,0,30.7,47
12/27/2016 12:00,27/12/2016,12:00,0,31.5,45
12/27/2016 13:00,27/12/2016,13:00,0,32.3,43
12/27/2016 14:00,27/12/2016,14:00,0,33.1,40
12/27/2016 15:00,27/12/2016,15:00,0,32.8,41
12/27/2016 16:00,27/12/2016,16:00,0,32.8,41
12/27/2016 17:00,27/12/2016,17:00,0,33.1,41
12/27/2016 18:00,27/12/2016,18:00,0,30.9,46
12/27/2016 19:00,27/12/2016,19:00,0,27.3,53
12/27/2016 20:00,27/12/2016,20:00,0,27.5,53
12/27/2016 21:00,27/12/2016,21:00,0,27.3,51
12/27/2016 22:00,27/12/2016,22:00,0,26.5,56
12/27/2016 23:00,27/12/2016,23:00,0,26.9,56
12/28/2016 0:00,27/12/2016,0:00,0,26.5,58
12/28/2016 1:00,28/12/2016,1:00,0,25.6,61
12/28/2016 2:00,28/12/2016,2:00,0,25.3,61
12/28/2016 3:00,28/12/2016,3:00,0,24.8,61
12/28/2016 4:00,28/12/2016,4:00,0,24.4,63
12/28/2016 5:00,28/12/2016,5:00,0,23.6,67
12/28/2016 6:00,28/12/2016,6:00,0,23.3,70
12/28/2016 7:00,28/12/2016,7:00,0,23.8,68
12/28/2016 8:00,28/12/2016,8:00,0,24.4,66
12/28/2016 9:00,28/12/2016,9:00,0,26.7,58
12/28/2016 10:00,28/12/2016,10:00,0,29,51
12/28/2016 11:00,28/12/2016,11:00,0,30.6,46
12/28/2016 12:00,28/12/2016,12:00,0,32,43
12/28/2016 13:00,28/12/2016,13:00,0,32.5,42
12/28/2016 14:00,28/12/2016,14:00,0,32.7,40
12/28/2016 15:00,28/12/2016,15:00,0,31.7,45
12/28/2016 16:00,28/12/2016,16:00,0,29.7,62
12/28/2016 17:00,28/12/2016,17:00,0,26.1,58
12/28/2016 18:00,28/12/2016,18:00,0,28.1,55
12/28/2016 19:00,28/12/2016,19:00,0,28.6,60
12/28/2016 20:00,28/12/2016,20:00,0,27.4,60
12/28/2016 21:00,28/12/2016,21:00,0,25.4,56
12/28/2016 22:00,28/12/2016,22:00,0,25.3,54
12/28/2016 23:00,28/12/2016,23:00,0,25,77
12/29/2016 0:00,28/12/2016,0:00,0,25.2,64
12/29/2016 1:00,29/12/2016,1:00,0,24.4,80
12/29/2016 2:00,29/12/2016,2:00,0,24,81
12/29/2016 3:00,29/12/2016,3:00,0,23.7,82
12/29/2016 4:00,29/12/2016,4:00,0,23.4,83
12/29/2016 5:00,29/12/2016,5:00,0,23.4,83
12/29/2016 6:00,29/12/2016,6:00,0,23,84
12/29/2016 7:00,29/12/2016,7:00,1,22.5,86
12/29/2016 8:00,29/12/2016,8:00,0,23.3,83
12/29/2016 9:00,29/12/2016,9:00,0,25.3,73
12/29/2016 10:00,29/12/2016,10:00,0,27.1,65
12/29/2016 11:00,29/12/2016,11:00,0,28.7,56
12/29/2016 12:00,29/12/2016,12:00,0,30.2,48
12/29/2016 13:00,29/12/2016,13:00,0,31.4,45
12/29/2016 14:00,29/12/2016,14:00,0,32.4,39
12/29/2016 15:00,29/12/2016,15:00,0,33.5,33
12/29/2016 16:00,29/12/2016,16:00,0,32.9,34
12/29/2016 17:00,29/12/2016,17:00,0,30.8,52
12/29/2016 18:00,29/12/2016,18:00,0,27.4,69
12/29/2016 19:00,29/12/2016,19:00,0,20.2,90
12/29/2016 20:00,29/12/2016,20:00,0,21.4,90
12/29/2016 21:00,29/12/2016,21:00,0,21.7,89
12/29/2016 22:00,29/12/2016,22:00,0,22.8,86
12/29/2016 23:00,29/12/2016,23:00,0,23.3,89
12/30/2016 0:00,29/12/2016,0:00,0,23.5,88
12/30/2016 1:00,30/12/2016,1:00,0,23.4,88
12/30/2016 2:00,30/12/2016,2:00,0,23.1,89
12/30/2016 3:00,30/12/2016,3:00,0,23.1,90
12/30/2016 4:00,30/12/2016,4:00,0,23.2,88
12/30/2016 5:00,30/12/2016,5:00,0,23,86
12/30/2016 6:00,30/12/2016,6:00,0,22.7,87
12/30/2016 7:00,30/12/2016,7:00,0,22.9,85
12/30/2016 8:00,30/12/2016,8:00,1,23.4,80
12/30/2016 9:00,30/12/2016,9:00,0,24.9,70
12/30/2016 10:00,30/12/2016,10:00,0,25.2,70
12/30/2016 11:00,30/12/2016,11:00,0,25.5,70
12/30/2016 12:00,30/12/2016,12:00,0,27.5,62
12/30/2016 13:00,30/12/2016,13:00,0,28.8,57
12/30/2016 14:00,30/12/2016,14:00,0,29.9,50
12/30/2016 15:00,30/12/2016,15:00,0,30.8,45
12/30/2016 16:00,30/12/2016,16:00,0,31.6,40
12/30/2016 17:00,30/12/2016,17:00,0,31.8,40
12/30/2016 18:00,30/12/2016,18:00,0,31.4,40
12/30/2016 19:00,30/12/2016,19:00,0,30.2,42
12/30/2016 20:00,30/12/2016,20:00,0,28.1,62
12/30/2016 21:00,30/12/2016,21:00,0,25.3,80
12/30/2016 22:00,30/12/2016,22:00,0,24.9,81
12/30/2016 23:00,30/12/2016,23:00,0,24.5,81
12/31/2016 0:00,30/12/2016,0:00,0,24.6,80
12/31/2016 1:00,31/12/2016,1:00,0,24.3,79
12/31/2016 2:00,31/12/2016,2:00,0,24,81
12/31/2016 3:00,31/12/2016,3:00,0,23.6,83
12/31/2016 4:00,31/12/2016,4:00,0,23.5,82
12/31/2016 5:00,31/12/2016,5:00,0,23.4,82
12/31/2016 6:00,31/12/2016,6:00,1,23,84
12/31/2016 7:00,31/12/2016,7:00,0,23.2,81
12/31/2016 8:00,31/12/2016,8:00,0,23.3,80
12/31/2016 9:00,31/12/2016,9:00,0,25.7,68
12/31/2016 10:00,31/12/2016,10:00,0,28.1,56
12/31/2016 11:00,31/12/2016,11:00,0,29.9,48
12/31/2016 12:00,31/12/2016,12:00,0,30,49
12/31/2016 13:00,31/12/2016,13:00,0,30.6,47
12/31/2016 14:00,31/12/2016,14:00,0,31.4,43
12/31/2016 15:00,31/12/2016,15:00,0,30.1,48
12/31/2016 16:00,31/12/2016,16:00,0,27.9,55
12/31/2016 17:00,31/12/2016,17:00,0,25.7,61
12/31/2016 18:00,31/12/2016,18:00,0,26.7,57
12/31/2016 19:00,31/12/2016,19:00,0,27.3,57
12/31/2016 20:00,31/12/2016,20:00,0,27.2,58
12/31/2016 21:00,31/12/2016,21:00,0,27.2,58
12/31/2016 22:00,31/12/2016,22:00,0,26.7,63
12/31/2016 23:00,31/12/2016,23:00,0,25.7,67
1/1/2017 0:00,31/12/2016,0:00,0,24.4,72
1/1/2017 1:00,1/1/2017,1:00,0,24,72
1/1/2017 2:00,1/1/2017,2:00,0,23.8,73
1/1/2017 3:00,1/1/2017,3:00,0,23.8,73
1/1/2017 4:00,1/1/2017,4:00,0,23.4,75
1/1/2017 5:00,1/1/2017,5:00,0,22.8,80
1/1/2017 6:00,1/1/2017,6:00,0,22.4,83
1/1/2017 7:00,1/1/2017,7:00,0,22.1,85
1/1/2017 8:00,1/1/2017,8:00,0,23.2,75
1/1/2017 9:00,1/1/2017,9:00,0,25.1,68
1/1/2017 10:00,1/1/2017,10:00,0,26,64
1/1/2017 11:00,1/1/2017,11:00,0,27.6,58
1/1/2017 12:00,1/1/2017,12:00,0,29.4,51
1/1/2017 13:00,1/1/2017,13:00,0,30.6,45
1/1/2017 14:00,1/1/2017,14:00,0,30.3,48
1/1/2017 15:00,1/1/2017,15:00,0,30.8,46
1/1/2017 16:00,1/1/2017,16:00,0,31,44
1/1/2017 17:00,1/1/2017,17:00,0,29.9,46
1/1/2017 18:00,1/1/2017,18:00,0,22.7,81
1/1/2017 19:00,1/1/2017,19:00,0,25.1,72
1/1/2017 20:00,1/1/2017,20:00,0,26.2,67
1/1/2017 21:00,1/1/2017,21:00,0,25.8,69
1/1/2017 22:00,1/1/2017,22:00,0,26.1,67
1/1/2017 23:00,1/1/2017,23:00,0,25.8,64
1/2/2017 0:00,1/1/2017,0:00,0,25.3,65
1/2/2017 1:00,2/1/2017,1:00,0,25.1,63
1/2/2017 2:00,2/1/2017,2:00,0,24.8,64
1/2/2017 3:00,2/1/2017,3:00,0,24.3,66
1/2/2017 4:00,2/1/2017,4:00,0,23.9,68
1/2/2017 5:00,2/1/2017,5:00,0,23.7,70
1/2/2017 6:00,2/1/2017,6:00,0,23.6,71
1/2/2017 7:00,2/1/2017,7:00,0,23.5,73
1/2/2017 8:00,2/1/2017,8:00,0,23.7,74
1/2/2017 9:00,2/1/2017,9:00,0,23.9,74
1/2/2017 10:00,2/1/2017,10:00,0,24.5,74
1/2/2017 11:00,2/1/2017,11:00,0,26.6,66
1/2/2017 12:00,2/1/2017,12:00,0,27.9,60
1/2/2017 13:00,2/1/2017,13:00,0,28.5,55
1/2/2017 14:00,2/1/2017,14:00,0,30.1,50
1/2/2017 15:00,2/1/2017,15:00,0,30.3,49
1/2/2017 16:00,2/1/2017,16:00,0,31.4,45
1/2/2017 17:00,2/1/2017,17:00,0,30.7,46
1/2/2017 18:00,2/1/2017,18:00,0,26.2,66
1/2/2017 19:00,2/1/2017,19:00,0,23.4,76
1/2/2017 20:00,2/1/2017,20:00,0,22.1,90
1/2/2017 21:00,2/1/2017,21:00,0,21.8,92
1/2/2017 22:00,2/1/2017,22:00,0,21.8,92
1/2/2017 23:00,2/1/2017,23:00,1,21.7,94
1/3/2017 0:00,2/1/2017,0:00,0,21.7,92
1/3/2017 1:00,3/1/2017,1:00,0,21.4,89
1/3/2017 2:00,3/1/2017,2:00,1,21.2,90
1/3/2017 3:00,3/1/2017,3:00,0,21,89
1/3/2017 4:00,3/1/2017,4:00,0,21,89
1/3/2017 5:00,3/1/2017,5:00,0,21.2,88
1/3/2017 6:00,3/1/2017,6:00,0,21.6,85
1/3/2017 7:00,3/1/2017,7:00,0,21.3,87
1/3/2017 8:00,3/1/2017,8:00,1,21.5,86
1/3/2017 9:00,3/1/2017,9:00,0,23.5,78
1/3/2017 10:00,3/1/2017,10:00,0,25.3,68
1/3/2017 11:00,3/1/2017,11:00,0,26.8,61
1/3/2017 12:00,3/1/2017,12:00,0,28,54
1/3/2017 13:00,3/1/2017,13:00,0,29.1,49
1/3/2017 14:00,3/1/2017,14:00,0,30.3,47
1/3/2017 15:00,3/1/2017,15:00,0,30.6,46
1/3/2017 16:00,3/1/2017,16:00,0,29.6,61
1/3/2017 17:00,3/1/2017,17:00,0,28.3,64
1/3/2017 18:00,3/1/2017,18:00,0,26.5,71
1/3/2017 19:00,3/1/2017,19:00,0,25.4,72
1/3/2017 20:00,3/1/2017,20:00,1,22.2,79
1/3/2017 21:00,3/1/2017,21:00,0,21.1,86
1/3/2017 22:00,3/1/2017,22:00,0,20.4,91
1/3/2017 23:00,3/1/2017,23:00,0,20.6,90
1/4/2017 0:00,3/1/2017,0:00,0,21,87
1/4/2017 1:00,4/1/2017,1:00,1,21,87
1/4/2017 2:00,4/1/2017,2:00,0,21.2,86
1/4/2017 3:00,4/1/2017,3:00,0,21.2,86
1/4/2017 4:00,4/1/2017,4:00,0,21.2,87
1/4/2017 5:00,4/1/2017,5:00,0,20.9,88
1/4/2017 6:00,4/1/2017,6:00,0,20.5,90
1/4/2017 7:00,4/1/2017,7:00,0,20.4,90
1/4/2017 8:00,4/1/2017,8:00,0,21.2,86
1/4/2017 9:00,4/1/2017,9:00,0,21.9,82
1/4/2017 10:00,4/1/2017,10:00,0,23.3,71
1/4/2017 11:00,4/1/2017,11:00,0,24.9,63
1/4/2017 12:00,4/1/2017,12:00,0,26.4,56
1/4/2017 13:00,4/1/2017,13:00,0,27.1,53
1/4/2017 14:00,4/1/2017,14:00,0,28.4,51
1/4/2017 15:00,4/1/2017,15:00,0,28.7,52
1/4/2017 16:00,4/1/2017,16:00,0,29.3,49
1/4/2017 17:00,4/1/2017,17:00,0,29.9,46
1/4/2017 18:00,4/1/2017,18:00,0,29.4,50
1/4/2017 19:00,4/1/2017,19:00,0,28.7,54
1/4/2017 20:00,4/1/2017,20:00,0,27.9,54
1/4/2017 21:00,4/1/2017,21:00,0,27.4,56
1/4/2017 22:00,4/1/2017,22:00,0,27.1,58
1/4/2017 23:00,4/1/2017,23:00,0,26.8,60
1/5/2017 0:00,4/1/2017,0:00,0,26.7,61
1/5/2017 1:00,5/1/2017,1:00,0,25.6,66
1/5/2017 2:00,5/1/2017,2:00,0,25,69
1/5/2017 3:00,5/1/2017,3:00,0,24.6,70
1/5/2017 4:00,5/1/2017,4:00,0,24.4,71
1/5/2017 5:00,5/1/2017,5:00,0,24.1,74
1/5/2017 6:00,5/1/2017,6:00,0,24.1,74
1/5/2017 7:00,5/1/2017,7:00,0,23.8,76
1/5/2017 8:00,5/1/2017,8:00,0,24,74
1/5/2017 9:00,5/1/2017,9:00,0,24.6,71
1/5/2017 10:00,5/1/2017,10:00,0,26.8,62
1/5/2017 11:00,5/1/2017,11:00,0,28.2,57
1/5/2017 12:00,5/1/2017,12:00,0,28.9,55
1/5/2017 13:00,5/1/2017,13:00,0,29.4,53
1/5/2017 14:00,5/1/2017,14:00,0,30.3,48
1/5/2017 15:00,5/1/2017,15:00,0,30.3,48
1/5/2017 16:00,5/1/2017,16:00,0,30.3,48
1/5/2017 17:00,5/1/2017,17:00,0,28.5,56
1/5/2017 18:00,5/1/2017,18:00,0,27.4,59
1/5/2017 19:00,5/1/2017,19:00,0,26.7,59
1/5/2017 20:00,5/1/2017,20:00,0,26.6,57
1/5/2017 21:00,5/1/2017,21:00,0,26,58
1/5/2017 22:00,5/1/2017,22:00,0,25.7,58
1/5/2017 23:00,5/1/2017,23:00,0,25.3,61
1/6/2017 0:00,5/1/2017,0:00,0,25.1,63
1/6/2017 1:00,6/1/2017,1:00,0,24.5,67
1/6/2017 2:00,6/1/2017,2:00,0,23.8,69
1/6/2017 3:00,6/1/2017,3:00,0,23.5,71
1/6/2017 4:00,6/1/2017,4:00,0,23.3,72
1/6/2017 5:00,6/1/2017,5:00,0,23.4,70
1/6/2017 6:00,6/1/2017,6:00,0,23.1,73
1/6/2017 7:00,6/1/2017,7:00,0,23.3,74
1/6/2017 8:00,6/1/2017,8:00,0,23.5,74
1/6/2017 9:00,6/1/2017,9:00,0,24.2,71
1/6/2017 10:00,6/1/2017,10:00,0,24.8,67
1/6/2017 11:00,6/1/2017,11:00,0,26.5,60
1/6/2017 12:00,6/1/2017,12:00,0,28.6,55
1/6/2017 13:00,6/1/2017,13:00,0,29.7,52
1/6/2017 14:00,6/1/2017,14:00,0,31,46
1/6/2017 15:00,6/1/2017,15:00,0,28.7,55
1/6/2017 16:00,6/1/2017,16:00,0,26.8,64
1/6/2017 17:00,6/1/2017,17:00,0,27.3,64
1/6/2017 18:00,6/1/2017,18:00,0,26.8,67
1/6/2017 19:00,6/1/2017,19:00,0,25.4,73
1/6/2017 20:00,6/1/2017,20:00,0,25.1,73
1/6/2017 21:00,6/1/2017,21:00,0,23.7,83
1/6/2017 22:00,6/1/2017,22:00,0,22.9,90
1/6/2017 23:00,6/1/2017,23:00,1,22.6,91
1/7/2017 0:00,6/1/2017,0:00,0,22.6,89
1/7/2017 1:00,7/1/2017,1:00,1,22.4,85
1/7/2017 2:00,7/1/2017,2:00,0,22.4,86
1/7/2017 3:00,7/1/2017,3:00,0,22.1,87
1/7/2017 4:00,7/1/2017,4:00,0,22.3,85
1/7/2017 5:00,7/1/2017,5:00,0,22,85
1/7/2017 6:00,7/1/2017,6:00,0,22.1,84
1/7/2017 7:00,7/1/2017,7:00,1,21.7,85
1/7/2017 8:00,7/1/2017,8:00,0,22.2,83
1/7/2017 9:00,7/1/2017,9:00,0,23.9,76
1/7/2017 10:00,7/1/2017,10:00,0,24.9,72
1/7/2017 11:00,7/1/2017,11:00,0,26.1,68
1/7/2017 12:00,7/1/2017,12:00,0,27.9,60
1/7/2017 13:00,7/1/2017,13:00,0,29,56
1/7/2017 14:00,7/1/2017,14:00,0,29,55
1/7/2017 15:00,7/1/2017,15:00,0,29.6,54
1/7/2017 16:00,7/1/2017,16:00,0,29,61
1/7/2017 17:00,7/1/2017,17:00,0,23.7,78
1/7/2017 18:00,7/1/2017,18:00,0,21.8,94
1/7/2017 19:00,7/1/2017,19:00,1,22.2,94
1/7/2017 20:00,7/1/2017,20:00,1,22.1,94
1/7/2017 21:00,7/1/2017,21:00,0,21.9,93
1/7/2017 22:00,7/1/2017,22:00,0,22.2,91
1/7/2017 23:00,7/1/2017,23:00,0,22.6,89
1/8/2017 0:00,7/1/2017,0:00,0,22.6,89
1/8/2017 1:00,8/1/2017,1:00,0,22.7,89
1/8/2017 2:00,8/1/2017,2:00,0,22.4,88
1/8/2017 3:00,8/1/2017,3:00,0,22.3,89
1/8/2017 4:00,8/1/2017,4:00,0,22.2,90
1/8/2017 5:00,8/1/2017,5:00,0,22,90
1/8/2017 6:00,8/1/2017,6:00,0,21.7,91
1/8/2017 7:00,8/1/2017,7:00,0,21.1,93
1/8/2017 8:00,8/1/2017,8:00,0,21.3,91
1/8/2017 9:00,8/1/2017,9:00,0,23.1,83
1/8/2017 10:00,8/1/2017,10:00,0,24.7,75
1/8/2017 11:00,8/1/2017,11:00,0,26.8,67
1/8/2017 12:00,8/1/2017,12:00,0,29,57
1/8/2017 13:00,8/1/2017,13:00,0,30,53
1/8/2017 14:00,8/1/2017,14:00,0,30.8,50
1/8/2017 15:00,8/1/2017,15:00,0,31.1,47
1/8/2017 16:00,8/1/2017,16:00,0,28.6,56
1/8/2017 17:00,8/1/2017,17:00,0,23.2,86
1/8/2017 18:00,8/1/2017,18:00,0,23.4,90
1/8/2017 19:00,8/1/2017,19:00,0,24,86
1/8/2017 20:00,8/1/2017,20:00,0,24.1,83
1/8/2017 21:00,8/1/2017,21:00,1,23,90
1/8/2017 22:00,8/1/2017,22:00,0,23,89
1/8/2017 23:00,8/1/2017,23:00,0,23.4,86
1/9/2017 0:00,8/1/2017,0:00,0,23.4,86
1/9/2017 1:00,9/1/2017,1:00,0,22.9,87
1/9/2017 2:00,9/1/2017,2:00,0,22.8,88
1/9/2017 3:00,9/1/2017,3:00,1,22.6,88
1/9/2017 4:00,9/1/2017,4:00,0,22.6,88
1/9/2017 5:00,9/1/2017,5:00,0,22.2,89
1/9/2017 6:00,9/1/2017,6:00,0,22.7,86
1/9/2017 7:00,9/1/2017,7:00,0,22.4,87
1/9/2017 8:00,9/1/2017,8:00,0,23.3,82
1/9/2017 9:00,9/1/2017,9:00,0,24.3,73
1/9/2017 10:00,9/1/2017,10:00,0,25.3,67
1/9/2017 11:00,9/1/2017,11:00,0,26.2,64
1/9/2017 12:00,9/1/2017,12:00,0,27.2,62
1/9/2017 13:00,9/1/2017,13:00,0,29.9,54
1/9/2017 14:00,9/1/2017,14:00,0,30.4,53
1/9/2017 15:00,9/1/2017,15:00,0,31.1,51
1/9/2017 16:00,9/1/2017,16:00,0,30.9,49
1/9/2017 17:00,9/1/2017,17:00,0,30.1,52
1/9/2017 18:00,9/1/2017,18:00,0,30,52
1/9/2017 19:00,9/1/2017,19:00,0,28.7,59
1/9/2017 20:00,9/1/2017,20:00,0,24.8,79
1/9/2017 21:00,9/1/2017,21:00,1,22.6,86
1/9/2017 22:00,9/1/2017,22:00,0,22,87
1/9/2017 23:00,9/1/2017,23:00,0,21.7,92
1/10/2017 0:00,9/1/2017,0:00,0,21.7,92
1/10/2017 1:00,10/1/2017,1:00,0,22.1,88
1/10/2017 2:00,10/1/2017,2:00,0,21.9,87
1/10/2017 3:00,10/1/2017,3:00,0,21.7,87
1/10/2017 4:00,10/1/2017,4:00,0,21.5,89
1/10/2017 5:00,10/1/2017,5:00,0,21.5,89
1/10/2017 6:00,10/1/2017,6:00,0,21.6,87
1/10/2017 7:00,10/1/2017,7:00,0,21.6,86
1/10/2017 8:00,10/1/2017,8:00,0,21.9,84
1/10/2017 9:00,10/1/2017,9:00,1,22.3,83
1/10/2017 10:00,10/1/2017,10:00,0,23.5,78
1/10/2017 11:00,10/1/2017,11:00,0,24.5,73
1/10/2017 12:00,10/1/2017,12:00,0,26.4,67
1/10/2017 13:00,10/1/2017,13:00,0,27.6,64
1/10/2017 14:00,10/1/2017,14:00,0,29,57
1/10/2017 15:00,10/1/2017,15:00,0,29.5,54
1/10/2017 16:00,10/1/2017,16:00,0,29.4,53
1/10/2017 17:00,10/1/2017,17:00,0,29.6,52
1/10/2017 18:00,10/1/2017,18:00,0,29.6,54
1/10/2017 19:00,10/1/2017,19:00,0,29.2,55
1/10/2017 20:00,10/1/2017,20:00,0,28.4,59
1/10/2017 21:00,10/1/2017,21:00,0,27.4,64
1/10/2017 22:00,10/1/2017,22:00,0,26.6,67
1/10/2017 23:00,10/1/2017,23:00,0,26.2,75
1/11/2017 0:00,10/1/2017,0:00,0,25.8,77
1/11/2017 1:00,11/1/2017,1:00,0,24.8,76
1/11/2017 2:00,11/1/2017,2:00,0,24.5,79
1/11/2017 3:00,11/1/2017,3:00,0,23.5,82
1/11/2017 4:00,11/1/2017,4:00,0,23,83
1/11/2017 5:00,11/1/2017,5:00,0,23,83
1/11/2017 6:00,11/1/2017,6:00,0,22.6,86
1/11/2017 7:00,11/1/2017,7:00,1,22.3,88
1/11/2017 8:00,11/1/2017,8:00,0,22.8,86
1/11/2017 9:00,11/1/2017,9:00,0,23.8,81
1/11/2017 10:00,11/1/2017,10:00,0,24.8,74
1/11/2017 11:00,11/1/2017,11:00,0,25.3,72
1/11/2017 12:00,11/1/2017,12:00,0,26.4,69
1/11/2017 13:00,11/1/2017,13:00,0,27.8,63
1/11/2017 14:00,11/1/2017,14:00,0,29.1,58
1/11/2017 15:00,11/1/2017,15:00,0,28.7,59
1/11/2017 16:00,11/1/2017,16:00,0,23.4,82
1/11/2017 17:00,11/1/2017,17:00,0,22.7,94
1/11/2017 18:00,11/1/2017,18:00,0,24.1,89
1/11/2017 19:00,11/1/2017,19:00,0,24.6,84
1/11/2017 20:00,11/1/2017,20:00,0,24.2,85
1/11/2017 21:00,11/1/2017,21:00,0,23,86
1/11/2017 22:00,11/1/2017,22:00,0,21.9,94
1/11/2017 23:00,11/1/2017,23:00,1,21.7,96
1/12/2017 0:00,11/1/2017,0:00,0,21.7,93
1/12/2017 1:00,12/1/2017,1:00,0,21.7,94
1/12/2017 2:00,12/1/2017,2:00,0,22,91
1/12/2017 3:00,12/1/2017,3:00,0,21.8,91
1/12/2017 4:00,12/1/2017,4:00,0,21.6,91
1/12/2017 5:00,12/1/2017,5:00,1,21.2,94
1/12/2017 6:00,12/1/2017,6:00,0,21.5,92
1/12/2017 7:00,12/1/2017,7:00,0,21.6,91
1/12/2017 8:00,12/1/2017,8:00,0,21.8,89
1/12/2017 9:00,12/1/2017,9:00,0,22.9,86
1/12/2017 10:00,12/1/2017,10:00,1,24.4,80
1/12/2017 11:00,12/1/2017,11:00,0,25.3,74
1/12/2017 12:00,12/1/2017,12:00,0,25.5,73
1/12/2017 13:00,12/1/2017,13:00,0,24.7,75
1/12/2017 14:00,12/1/2017,14:00,0,23.4,80
1/12/2017 15:00,12/1/2017,15:00,0,25.4,72
1/12/2017 16:00,12/1/2017,16:00,0,26.3,66
1/12/2017 17:00,12/1/2017,17:00,0,24.4,72
1/12/2017 18:00,12/1/2017,18:00,0,23.4,79
1/12/2017 19:00,12/1/2017,19:00,0,23.1,79
1/12/2017 20:00,12/1/2017,20:00,0,22.9,79
1/12/2017 21:00,12/1/2017,21:00,0,22,88
1/12/2017 22:00,12/1/2017,22:00,0,21.4,90
1/12/2017 23:00,12/1/2017,23:00,0,21.1,88
1/13/2017 0:00,12/1/2017,0:00,0,20.9,87
1/13/2017 1:00,13/01/2017,1:00,0,20.6,85
1/13/2017 2:00,13/01/2017,2:00,0,20.5,83
1/13/2017 3:00,13/01/2017,3:00,0,20.3,86
1/13/2017 4:00,13/01/2017,4:00,0,20.2,86
1/13/2017 5:00,13/01/2017,5:00,0,20.3,86
1/13/2017 6:00,13/01/2017,6:00,0,20.2,88
1/13/2017 7:00,13/01/2017,7:00,0,20.1,88
1/13/2017 8:00,13/01/2017,8:00,0,20.4,87
1/13/2017 9:00,13/01/2017,9:00,0,21.3,84
1/13/2017 10:00,13/01/2017,10:00,0,21.8,83
1/13/2017 11:00,13/01/2017,11:00,0,22.3,80
1/13/2017 12:00,13/01/2017,12:00,0,23.3,77
1/13/2017 13:00,13/01/2017,13:00,0,24.7,71
1/13/2017 14:00,13/01/2017,14:00,0,25.3,70
1/13/2017 15:00,13/01/2017,15:00,0,26.5,68
1/13/2017 16:00,13/01/2017,16:00,0,27.1,63
1/13/2017 17:00,13/01/2017,17:00,0,28.1,59
1/13/2017 18:00,13/01/2017,18:00,0,26.9,66
1/13/2017 19:00,13/01/2017,19:00,0,25.3,71
1/13/2017 20:00,13/01/2017,20:00,0,23.7,77
1/13/2017 21:00,13/01/2017,21:00,0,23.2,79
1/13/2017 22:00,13/01/2017,22:00,0,22.7,82
1/13/2017 23:00,13/01/2017,23:00,0,22.5,84
1/14/2017 0:00,13/01/2017,0:00,1,22.4,84
1/14/2017 1:00,14/01/2017,1:00,0,22.1,85
1/14/2017 2:00,14/01/2017,2:00,0,21.6,87
1/14/2017 3:00,14/01/2017,3:00,0,21.2,89
1/14/2017 4:00,14/01/2017,4:00,0,21.4,87
1/14/2017 5:00,14/01/2017,5:00,0,21.8,84
1/14/2017 6:00,14/01/2017,6:00,0,21.9,83
1/14/2017 7:00,14/01/2017,7:00,0,21.8,83
1/14/2017 8:00,14/01/2017,8:00,0,21.8,82
1/14/2017 9:00,14/01/2017,9:00,0,22.2,80
1/14/2017 10:00,14/01/2017,10:00,0,23.6,74
1/14/2017 11:00,14/01/2017,11:00,0,24.8,69
1/14/2017 12:00,14/01/2017,12:00,0,26.7,61
1/14/2017 13:00,14/01/2017,13:00,0,28.3,54
1/14/2017 14:00,14/01/2017,14:00,0,29.5,49
1/14/2017 15:00,14/01/2017,15:00,0,30.2,46
1/14/2017 16:00,14/01/2017,16:00,0,31.6,41
1/14/2017 17:00,14/01/2017,17:00,0,31.2,47
1/14/2017 18:00,14/01/2017,18:00,0,28.3,64
1/14/2017 19:00,14/01/2017,19:00,0,25.3,75
1/14/2017 20:00,14/01/2017,20:00,0,24.4,75
1/14/2017 21:00,14/01/2017,21:00,0,24.1,75
1/14/2017 22:00,14/01/2017,22:00,0,23.8,77
1/14/2017 23:00,14/01/2017,23:00,0,23,80
1/15/2017 0:00,14/01/2017,0:00,1,23.2,80
1/15/2017 1:00,15/01/2017,1:00,0,22.9,79
1/15/2017 2:00,15/01/2017,2:00,0,22.5,81
1/15/2017 3:00,15/01/2017,3:00,0,22.4,83
1/15/2017 4:00,15/01/2017,4:00,0,22,85
1/15/2017 5:00,15/01/2017,5:00,0,21.5,88
1/15/2017 6:00,15/01/2017,6:00,0,21.1,90
1/15/2017 7:00,15/01/2017,7:00,1,21.2,90
1/15/2017 8:00,15/01/2017,8:00,0,21.7,88
1/15/2017 9:00,15/01/2017,9:00,0,22.8,82
1/15/2017 10:00,15/01/2017,10:00,0,24.8,73
1/15/2017 11:00,15/01/2017,11:00,0,26.2,67
1/15/2017 12:00,15/01/2017,12:00,0,27.6,61
1/15/2017 13:00,15/01/2017,13:00,0,28.8,55
1/15/2017 14:00,15/01/2017,14:00,0,29.8,51
1/15/2017 15:00,15/01/2017,15:00,0,30.9,47
1/15/2017 16:00,15/01/2017,16:00,0,26.9,70
1/15/2017 17:00,15/01/2017,17:00,1,22.2,95
1/15/2017 18:00,15/01/2017,18:00,0,24,89
1/15/2017 19:00,15/01/2017,19:00,0,24.1,85
1/15/2017 20:00,15/01/2017,20:00,0,23.8,83
1/15/2017 21:00,15/01/2017,21:00,0,23.4,84
1/15/2017 22:00,15/01/2017,22:00,0,23.2,84
1/15/2017 23:00,15/01/2017,23:00,0,22.9,85
1/16/2017 0:00,15/01/2017,0:00,0,20.4,98
1/16/2017 1:00,16/01/2017,1:00,0,19.5,99
1/16/2017 2:00,16/01/2017,2:00,0,19,99
1/16/2017 3:00,16/01/2017,3:00,0,19.3,98
1/16/2017 4:00,16/01/2017,4:00,0,19.7,98
1/16/2017 5:00,16/01/2017,5:00,0,20.6,98
1/16/2017 6:00,16/01/2017,6:00,0,20.7,97
1/16/2017 7:00,16/01/2017,7:00,0,20.9,97
1/16/2017 8:00,16/01/2017,8:00,1,21.2,96
1/16/2017 9:00,16/01/2017,9:00,0,23.1,86
1/16/2017 10:00,16/01/2017,10:00,0,24.2,79
1/16/2017 11:00,16/01/2017,11:00,0,25.6,71
1/16/2017 12:00,16/01/2017,12:00,0,26.9,65
1/16/2017 13:00,16/01/2017,13:00,0,27.6,62
1/16/2017 14:00,16/01/2017,14:00,0,28.7,58
1/16/2017 15:00,16/01/2017,15:00,0,26.2,71
1/16/2017 16:00,16/01/2017,16:00,0,26.5,69
1/16/2017 17:00,16/01/2017,17:00,0,26.6,65
1/16/2017 18:00,16/01/2017,18:00,0,26.4,66
1/16/2017 19:00,16/01/2017,19:00,0,25.8,70
1/16/2017 20:00,16/01/2017,20:00,0,24.6,80
1/16/2017 21:00,16/01/2017,21:00,0,23.6,84
1/16/2017 22:00,16/01/2017,22:00,0,22,94
1/16/2017 23:00,16/01/2017,23:00,0,20.9,96
1/17/2017 0:00,16/01/2017,0:00,0,20.6,98
1/17/2017 1:00,17/01/2017,1:00,0,20.3,98
1/17/2017 2:00,17/01/2017,2:00,0,20.6,97
1/17/2017 3:00,17/01/2017,3:00,0,20.5,96
1/17/2017 4:00,17/01/2017,4:00,0,20.7,95
1/17/2017 5:00,17/01/2017,5:00,0,20.7,94
1/17/2017 6:00,17/01/2017,6:00,0,20.6,94
1/17/2017 7:00,17/01/2017,7:00,0,20.4,97
1/17/2017 8:00,17/01/2017,8:00,0,21.4,87
1/17/2017 9:00,17/01/2017,9:00,1,21.4,87
1/17/2017 10:00,17/01/2017,10:00,0,21.8,85
1/17/2017 11:00,17/01/2017,11:00,0,21.9,85
1/17/2017 12:00,17/01/2017,12:00,0,21.9,85
1/17/2017 13:00,17/01/2017,13:00,0,20.8,88
1/17/2017 14:00,17/01/2017,14:00,0,20.4,91
1/17/2017 15:00,17/01/2017,15:00,0,22.5,82
1/17/2017 16:00,17/01/2017,16:00,0,23.8,76
1/17/2017 17:00,17/01/2017,17:00,0,25,70
1/17/2017 18:00,17/01/2017,18:00,0,24.3,73
1/17/2017 19:00,17/01/2017,19:00,0,23.8,77
1/17/2017 20:00,17/01/2017,20:00,0,23.8,77
1/17/2017 21:00,17/01/2017,21:00,0,23.4,78
1/17/2017 22:00,17/01/2017,22:00,0,23.3,79
1/17/2017 23:00,17/01/2017,23:00,0,22.9,83
1/18/2017 0:00,17/01/2017,0:00,0,22.2,87
1/18/2017 1:00,18/01/2017,1:00,0,20.9,96
1/18/2017 2:00,18/01/2017,2:00,0,20.7,96
1/18/2017 3:00,18/01/2017,3:00,0,20.6,96
1/18/2017 4:00,18/01/2017,4:00,0,20.6,95
1/18/2017 5:00,18/01/2017,5:00,0,21,90
1/18/2017 6:00,18/01/2017,6:00,0,20.9,91
1/18/2017 7:00,18/01/2017,7:00,1,20.9,90
1/18/2017 8:00,18/01/2017,8:00,1,21.3,88
1/18/2017 9:00,18/01/2017,9:00,0,22.2,84
1/18/2017 10:00,18/01/2017,10:00,0,22.4,83
1/18/2017 11:00,18/01/2017,11:00,0,21.8,91
1/18/2017 12:00,18/01/2017,12:00,0,21.5,92
1/18/2017 13:00,18/01/2017,13:00,0,22.5,91
1/18/2017 14:00,18/01/2017,14:00,0,22.4,90
1/18/2017 15:00,18/01/2017,15:00,0,21.5,94
1/18/2017 16:00,18/01/2017,16:00,0,22.2,90
1/18/2017 17:00,18/01/2017,17:00,0,21.3,90
1/18/2017 18:00,18/01/2017,18:00,0,20.8,92
1/18/2017 19:00,18/01/2017,19:00,0,21.2,95
1/18/2017 20:00,18/01/2017,20:00,0,21.1,96
1/18/2017 21:00,18/01/2017,21:00,0,21.2,97
1/18/2017 22:00,18/01/2017,22:00,1,21.2,97
1/18/2017 23:00,18/01/2017,23:00,1,21.5,92
1/19/2017 0:00,18/01/2017,0:00,0,21.6,90
1/19/2017 1:00,19/01/2017,1:00,0,21.4,91
1/19/2017 2:00,19/01/2017,2:00,0,21.1,93
1/19/2017 3:00,19/01/2017,3:00,1,20.9,93
1/19/2017 4:00,19/01/2017,4:00,1,20.8,92
1/19/2017 5:00,19/01/2017,5:00,0,21,92
1/19/2017 6:00,19/01/2017,6:00,0,21.2,88
1/19/2017 7:00,19/01/2017,7:00,0,21.3,87
1/19/2017 8:00,19/01/2017,8:00,0,21.6,86
1/19/2017 9:00,19/01/2017,9:00,0,21.9,86
1/19/2017 10:00,19/01/2017,10:00,0,22.1,85
1/19/2017 11:00,19/01/2017,11:00,1,23,82
1/19/2017 12:00,19/01/2017,12:00,0,24,76
1/19/2017 13:00,19/01/2017,13:00,0,24.7,72
1/19/2017 14:00,19/01/2017,14:00,0,25.8,68
1/19/2017 15:00,19/01/2017,15:00,0,21.7,85
1/19/2017 16:00,19/01/2017,16:00,0,20.7,94
1/19/2017 17:00,19/01/2017,17:00,0,20.4,95
1/19/2017 18:00,19/01/2017,18:00,1,19.9,96
1/19/2017 19:00,19/01/2017,19:00,0,19.9,94
1/19/2017 20:00,19/01/2017,20:00,0,19.7,96
1/19/2017 21:00,19/01/2017,21:00,0,19.7,94
1/19/2017 22:00,19/01/2017,22:00,0,19.5,95
1/19/2017 23:00,19/01/2017,23:00,1,19.4,96
1/20/2017 0:00,19/01/2017,0:00,0,19.6,93
1/20/2017 1:00,20/01/2017,1:00,0,19.2,94
1/20/2017 2:00,20/01/2017,2:00,0,18.7,96
1/20/2017 3:00,20/01/2017,3:00,0,18.4,97
1/20/2017 4:00,20/01/2017,4:00,1,18.7,98
1/20/2017 5:00,20/01/2017,5:00,0,18.8,97
1/20/2017 6:00,20/01/2017,6:00,0,19,98
1/20/2017 7:00,20/01/2017,7:00,1,19.1,98
1/20/2017 8:00,20/01/2017,8:00,0,19.4,97
1/20/2017 9:00,20/01/2017,9:00,0,19.7,96
1/20/2017 10:00,20/01/2017,10:00,0,19.7,95
1/20/2017 11:00,20/01/2017,11:00,0,19.9,95
1/20/2017 12:00,20/01/2017,12:00,1,20.2,93
1/20/2017 13:00,20/01/2017,13:00,0,20.9,91
1/20/2017 14:00,20/01/2017,14:00,1,21.2,87
1/20/2017 15:00,20/01/2017,15:00,0,21.8,85
1/20/2017 16:00,20/01/2017,16:00,0,23.4,80
1/20/2017 17:00,20/01/2017,17:00,0,23.6,74
1/20/2017 18:00,20/01/2017,18:00,0,24.1,71
1/20/2017 19:00,20/01/2017,19:00,0,23.4,76
1/20/2017 20:00,20/01/2017,20:00,0,20.2,96
1/20/2017 21:00,20/01/2017,21:00,1,19.9,99
1/20/2017 22:00,20/01/2017,22:00,1,19.8,99
1/20/2017 23:00,20/01/2017,23:00,1,20.1,99
1/21/2017 0:00,20/01/2017,0:00,0,20,99
1/21/2017 1:00,21/01/2017,1:00,0,19.7,99
1/21/2017 2:00,21/01/2017,2:00,0,19.8,99
1/21/2017 3:00,21/01/2017,3:00,0,19.8,98
1/21/2017 4:00,21/01/2017,4:00,1,19.5,97
1/21/2017 5:00,21/01/2017,5:00,0,19.5,97
1/21/2017 6:00,21/01/2017,6:00,0,19.4,97
1/21/2017 7:00,21/01/2017,7:00,0,19.4,96
1/21/2017 8:00,21/01/2017,8:00,0,19.6,96
1/21/2017 9:00,21/01/2017,9:00,1,20.1,95
1/21/2017 10:00,21/01/2017,10:00,1,20.7,92
1/21/2017 11:00,21/01/2017,11:00,1,21.5,86
1/21/2017 12:00,21/01/2017,12:00,0,20.3,93
1/21/2017 13:00,21/01/2017,13:00,0,20.6,92
1/21/2017 14:00,21/01/2017,14:00,0,21.8,88
1/21/2017 15:00,21/01/2017,15:00,0,21,93
1/21/2017 16:00,21/01/2017,16:00,1,20.9,96
1/21/2017 17:00,21/01/2017,17:00,0,21.2,94
1/21/2017 18:00,21/01/2017,18:00,0,20.5,94
1/21/2017 19:00,21/01/2017,19:00,1,18.9,97
1/21/2017 20:00,21/01/2017,20:00,0,18.5,98
1/21/2017 21:00,21/01/2017,21:00,1,18.3,98
1/21/2017 22:00,21/01/2017,22:00,0,18.2,97
1/21/2017 23:00,21/01/2017,23:00,0,18.2,96
1/22/2017 0:00,21/01/2017,0:00,0,17.9,93
1/22/2017 1:00,22/01/2017,1:00,1,17.5,95
1/22/2017 2:00,22/01/2017,2:00,0,17.5,96
1/22/2017 3:00,22/01/2017,3:00,0,17.2,97
1/22/2017 4:00,22/01/2017,4:00,1,17.2,98
1/22/2017 5:00,22/01/2017,5:00,0,17.3,98
1/22/2017 6:00,22/01/2017,6:00,0,17.5,98
1/22/2017 7:00,22/01/2017,7:00,1,17.4,98
1/22/2017 8:00,22/01/2017,8:00,0,17.8,98
1/22/2017 9:00,22/01/2017,9:00,0,18.5,96
1/22/2017 10:00,22/01/2017,10:00,1,19.3,93
1/22/2017 11:00,22/01/2017,11:00,1,20.2,89
1/22/2017 12:00,22/01/2017,12:00,0,21.4,83
1/22/2017 13:00,22/01/2017,13:00,0,22.5,78
1/22/2017 14:00,22/01/2017,14:00,0,21.7,83
1/22/2017 15:00,22/01/2017,15:00,0,20.8,90
1/22/2017 16:00,22/01/2017,16:00,0,20.3,92
1/22/2017 17:00,22/01/2017,17:00,1,20,93
1/22/2017 18:00,22/01/2017,18:00,0,20.1,92
1/22/2017 19:00,22/01/2017,19:00,0,20.2,91
1/22/2017 20:00,22/01/2017,20:00,0,20.6,88
1/22/2017 21:00,22/01/2017,21:00,1,19.6,95
1/22/2017 22:00,22/01/2017,22:00,0,19.9,93
1/22/2017 23:00,22/01/2017,23:00,0,20.2,92
1/23/2017 0:00,22/01/2017,0:00,0,20.3,91
1/23/2017 1:00,23/01/2017,1:00,0,20.2,90
1/23/2017 2:00,23/01/2017,2:00,0,20.2,89
1/23/2017 3:00,23/01/2017,3:00,0,19.6,92
1/23/2017 4:00,23/01/2017,4:00,0,19.3,94
1/23/2017 5:00,23/01/2017,5:00,0,19.1,96
1/23/2017 6:00,23/01/2017,6:00,1,18.9,97
1/23/2017 7:00,23/01/2017,7:00,0,19,96
1/23/2017 8:00,23/01/2017,8:00,0,19.5,94
1/23/2017 9:00,23/01/2017,9:00,0,20.4,89
1/23/2017 10:00,23/01/2017,10:00,0,20.4,89
1/23/2017 11:00,23/01/2017,11:00,1,20.4,89
1/23/2017 12:00,23/01/2017,12:00,0,23.4,71
1/23/2017 13:00,23/01/2017,13:00,0,24.3,68
1/23/2017 14:00,23/01/2017,14:00,0,24.8,68
1/23/2017 15:00,23/01/2017,15:00,0,25,68
1/23/2017 16:00,23/01/2017,16:00,0,25.9,64
1/23/2017 17:00,23/01/2017,17:00,0,25.6,64
1/23/2017 18:00,23/01/2017,18:00,0,25.2,66
1/23/2017 19:00,23/01/2017,19:00,0,24.3,69
1/23/2017 20:00,23/01/2017,20:00,0,23.2,81
1/23/2017 21:00,23/01/2017,21:00,0,22.5,84
1/23/2017 22:00,23/01/2017,22:00,0,22,87
1/23/2017 23:00,23/01/2017,23:00,0,21.9,87
1/24/2017 0:00,23/01/2017,0:00,1,21.6,89
1/24/2017 1:00,24/01/2017,1:00,0,21.5,89
1/24/2017 2:00,24/01/2017,2:00,0,21.2,87
1/24/2017 3:00,24/01/2017,3:00,0,21,89
1/24/2017 4:00,24/01/2017,4:00,0,20.9,93
1/24/2017 5:00,24/01/2017,5:00,0,20.6,94
1/24/2017 6:00,24/01/2017,6:00,1,20.3,95
1/24/2017 7:00,24/01/2017,7:00,0,20.3,94
1/24/2017 8:00,24/01/2017,8:00,0,20.8,91
1/24/2017 9:00,24/01/2017,9:00,0,22.9,79
1/24/2017 10:00,24/01/2017,10:00,0,25,67
1/24/2017 11:00,24/01/2017,11:00,0,26.5,61
1/24/2017 12:00,24/01/2017,12:00,0,27,59
1/24/2017 13:00,24/01/2017,13:00,0,28.2,54
1/24/2017 14:00,24/01/2017,14:00,0,29.1,50
1/24/2017 15:00,24/01/2017,15:00,0,29.9,49
1/24/2017 16:00,24/01/2017,16:00,0,29.7,50
1/24/2017 17:00,24/01/2017,17:00,0,29,53
1/24/2017 18:00,24/01/2017,18:00,0,26.3,65
1/24/2017 19:00,24/01/2017,19:00,1,21.5,91
1/24/2017 20:00,24/01/2017,20:00,0,23,85
1/24/2017 21:00,24/01/2017,21:00,0,23.3,84
1/24/2017 22:00,24/01/2017,22:00,0,23.3,83
1/24/2017 23:00,24/01/2017,23:00,0,23.2,84
1/25/2017 0:00,24/01/2017,0:00,1,22.7,86
1/25/2017 1:00,25/01/2017,1:00,0,22.2,85
1/25/2017 2:00,25/01/2017,2:00,0,21.9,85
1/25/2017 3:00,25/01/2017,3:00,0,21.6,89
1/25/2017 4:00,25/01/2017,4:00,1,21.7,88
1/25/2017 5:00,25/01/2017,5:00,0,21.6,88
1/25/2017 6:00,25/01/2017,6:00,0,21.8,88
1/25/2017 7:00,25/01/2017,7:00,0,22.1,83
1/25/2017 8:00,25/01/2017,8:00,0,22.4,81
1/25/2017 9:00,25/01/2017,9:00,0,23.3,78
1/25/2017 10:00,25/01/2017,10:00,0,24.1,74
1/25/2017 11:00,25/01/2017,11:00,0,25.8,69
1/25/2017 12:00,25/01/2017,12:00,0,25.7,70
1/25/2017 13:00,25/01/2017,13:00,0,24.8,70
1/25/2017 14:00,25/01/2017,14:00,0,26.4,64
1/25/2017 15:00,25/01/2017,15:00,0,27.7,60
1/25/2017 16:00,25/01/2017,16:00,0,28.1,59
1/25/2017 17:00,25/01/2017,17:00,0,28,59
1/25/2017 18:00,25/01/2017,18:00,0,28.2,55
1/25/2017 19:00,25/01/2017,19:00,0,28,52
1/25/2017 20:00,25/01/2017,20:00,0,27.2,55
1/25/2017 21:00,25/01/2017,21:00,0,26.1,62
1/25/2017 22:00,25/01/2017,22:00,0,25,70
1/25/2017 23:00,25/01/2017,23:00,0,25,70
1/26/2017 0:00,25/01/2017,0:00,0,24.7,70
1/26/2017 1:00,26/01/2017,1:00,0,24.2,71
1/26/2017 2:00,26/01/2017,2:00,0,23.6,75
1/26/2017 3:00,26/01/2017,3:00,0,23.1,77
1/26/2017 4:00,26/01/2017,4:00,0,22.6,80
1/26/2017 5:00,26/01/2017,5:00,0,22.3,84
1/26/2017 6:00,26/01/2017,6:00,0,22.5,83
1/26/2017 7:00,26/01/2017,7:00,0,22.4,84
1/26/2017 8:00,26/01/2017,8:00,0,22.6,82
1/26/2017 9:00,26/01/2017,9:00,0,23.3,78
1/26/2017 10:00,26/01/2017,10:00,0,24,75
1/26/2017 11:00,26/01/2017,11:00,0,24.5,74
1/26/2017 12:00,26/01/2017,12:00,0,25.4,68
1/26/2017 13:00,26/01/2017,13:00,0,23.4,78
1/26/2017 14:00,26/01/2017,14:00,1,19.5,93
1/26/2017 15:00,26/01/2017,15:00,0,20,91
1/26/2017 16:00,26/01/2017,16:00,0,21.1,88
1/26/2017 17:00,26/01/2017,17:00,0,21.9,84
1/26/2017 18:00,26/01/2017,18:00,0,22.5,82
1/26/2017 19:00,26/01/2017,19:00,0,22.9,80
1/26/2017 20:00,26/01/2017,20:00,0,22.8,80
1/26/2017 21:00,26/01/2017,21:00,0,22.5,81
1/26/2017 22:00,26/01/2017,22:00,0,22.3,84
1/26/2017 23:00,26/01/2017,23:00,0,22.1,85
1/27/2017 0:00,26/01/2017,0:00,0,21.7,88
1/27/2017 1:00,27/01/2017,1:00,0,22.1,84
1/27/2017 2:00,27/01/2017,2:00,0,21.6,90
1/27/2017 3:00,27/01/2017,3:00,0,21.3,92
1/27/2017 4:00,27/01/2017,4:00,0,21.5,90
1/27/2017 5:00,27/01/2017,5:00,0,20.9,93
1/27/2017 6:00,27/01/2017,6:00,0,20.7,94
1/27/2017 7:00,27/01/2017,7:00,0,20.7,95
1/27/2017 8:00,27/01/2017,8:00,1,21.4,91
1/27/2017 9:00,27/01/2017,9:00,0,22.4,86
1/27/2017 10:00,27/01/2017,10:00,0,23.9,79
1/27/2017 11:00,27/01/2017,11:00,0,25.5,68
1/27/2017 12:00,27/01/2017,12:00,0,25.1,69
1/27/2017 13:00,27/01/2017,13:00,0,24.5,73
1/27/2017 14:00,27/01/2017,14:00,0,23,83
1/27/2017 15:00,27/01/2017,15:00,1,21.4,93
1/27/2017 16:00,27/01/2017,16:00,0,21.4,92
1/27/2017 17:00,27/01/2017,17:00,0,21.8,92
1/27/2017 18:00,27/01/2017,18:00,0,22.5,89
1/27/2017 19:00,27/01/2017,19:00,0,22.5,86
1/27/2017 20:00,27/01/2017,20:00,0,22.2,85
1/27/2017 21:00,27/01/2017,21:00,0,22.1,87
1/27/2017 22:00,27/01/2017,22:00,1,21.6,89
1/27/2017 23:00,27/01/2017,23:00,1,21.4,90
